fp16_fp16	NN	601	256	18432	6
bf16_bf16	NN	701	192	16896	15
bf16_bf16	NN	801	192	25088	16
fp16_fp16	NN	901	192	15872	6
fp16_fp16	NN	1001	192	20992	6
bf16_bf16	NN	1101	192	15360	15
fp16_fp16	NN	1201	128	24576	4
bf16_bf16	NN	1301	32	20480	10
bf16_bf16	NN	1401	112	23552	13
fp16_fp16	NN	1501	96	19968	4
bf16_bf16	NN	1601	64	19456	10
fp16_fp16	NN	1701	80	18944	4
bf16_bf16	NN	1801	48	22528	10
fp16_fp16	NN	1901	16	25088	2
bf16_bf16	NN	2001	112	17408	12
fp16_fp16	NN	2101	48	24064	1
fp16_fp16	NN	2201	80	22016	4
bf16_bf16	NN	2301	32	21504	10
bf16_bf16	NN	2401	96	17920	12
fp16_fp16	NN	2501	64	18432	0
bf16_bf16	NN	2601	16	17920	9
fp16_fp16	NN	2701	48	17408	0
fp16_fp16	NN	2801	112	27136	4
bf16_bf16	NN	2901	96	26624	13
bf16_bf16	NN	3001	32	16896	9
fp16_fp16	NN	3101	80	26112	4
bf16_bf16	NN	3201	64	23552	10
fp16_fp16	NN	3301	80	16384	3
fp16_fp16	NN	3401	16	26112	2
bf16_bf16	NN	3501	96	16384	12
fp16_fp16	NN	3601	16	24576	2
bf16_bf16	NN	3701	32	15360	9
bf16_bf16	NN	3801	112	21504	13
fp16_fp16	NN	3901	48	15872	0
fp16_fp16	NN	4001	48	25600	2
bf16_bf16	NN	602	256	26624	16
fp16_fp16	NN	702	192	23040	6
bf16_bf16	NN	802	192	18432	15
bf16_bf16	NN	902	192	19456	16
fp16_fp16	NN	1002	192	22528	7
bf16_bf16	NN	1102	192	20480	16
fp16_fp16	NN	1202	128	19456	4
bf16_bf16	NN	1302	64	25600	10
fp16_fp16	NN	1402	112	26112	5
fp16_fp16	NN	1502	16	18944	1
bf16_bf16	NN	1602	32	27136	11
fp16_fp16	NN	1702	64	15872	0
bf16_bf16	NN	1802	96	17408	12
bf16_bf16	NN	1902	80	15360	12
fp16_fp16	NN	2002	80	23040	5
bf16_bf16	NN	2102	48	20992	10
fp16_fp16	NN	2202	112	18944	5
fp16_fp16	NN	2302	48	22016	2
bf16_bf16	NN	2402	64	21504	10
fp16_fp16	NN	2502	32	16384	0
bf16_bf16	NN	2602	96	27136	13
bf16_bf16	NN	2702	32	25088	10
fp16_fp16	NN	2802	112	19968	4
fp16_fp16	NN	2902	16	19456	1
bf16_bf16	NN	3002	80	22528	13
fp16_fp16	NN	3102	64	24064	1
bf16_bf16	NN	3202	64	25600	11
bf16_bf16	NN	3302	96	24576	13
fp16_fp16	NN	3402	32	16896	0
fp16_fp16	NN	3502	16	23040	1
bf16_bf16	NN	3602	96	17408	12
fp16_fp16	NN	3702	48	20992	1
bf16_bf16	NN	3802	80	17920	12
fp16_fp16	NN	3902	16	17920	1
bf16_bf16	NN	4002	32	21504	11
fp16_fp16	NN	603	256	17408	6
bf16_bf16	NN	703	192	15872	15
fp16_fp16	NN	803	192	25600	7
bf16_bf16	NN	903	192	16896	15
bf16_bf16	NN	1003	192	18432	15
fp16_fp16	NN	1103	192	25600	7
bf16_bf16	NN	1203	128	17920	12
fp16_fp16	NN	1303	80	19968	4
bf16_bf16	NN	1403	96	24064	13
fp16_fp16	NN	1503	64	16384	0
bf16_bf16	NN	1603	112	15360	12
fp16_fp16	NN	1703	112	24064	5
fp16_fp16	NN	1803	112	20480	4
bf16_bf16	NN	1903	64	25088	10
fp16_fp16	NN	2003	48	15872	0
bf16_bf16	NN	2103	16	15360	9
bf16_bf16	NN	2203	80	22528	13
fp16_fp16	NN	2303	80	22016	4
fp16_fp16	NN	2403	16	26624	2
bf16_bf16	NN	2503	32	20480	11
fp16_fp16	NN	2603	48	19968	1
bf16_bf16	NN	2703	112	23040	13
bf16_bf16	NN	2803	16	26112	11
fp16_fp16	NN	2903	32	16896	0
bf16_bf16	NN	3003	96	20992	14
fp16_fp16	NN	3103	48	19456	1
bf16_bf16	NN	3203	32	24576	10
fp16_fp16	NN	3303	96	26112	4
bf16_bf16	NN	3403	64	23552	10
fp16_fp16	NN	3503	48	22016	1
fp16_fp16	NN	3603	16	23552	1
bf16_bf16	NN	3703	96	22528	13
fp16_fp16	NN	3803	64	26624	1
bf16_bf16	NN	3903	32	18944	10
bf16_bf16	NN	4003	112	16384	12
fp16_fp16	NN	604	256	18432	6
bf16_bf16	NN	704	192	21504	16
fp16_fp16	NN	804	192	25088	7
bf16_bf16	NN	904	192	26624	17
fp16_fp16	NN	1004	192	16896	6
fp16_fp16	NN	1104	192	20992	6
bf16_bf16	NN	1204	128	22528	14
bf16_bf16	NN	1304	64	27136	11
fp16_fp16	NN	1404	48	24064	1
bf16_bf16	NN	1504	80	26112	13
fp16_fp16	NN	1604	80	23040	4
bf16_bf16	NN	1704	112	27136	13
fp16_fp16	NN	1804	64	23552	1
bf16_bf16	NN	1904	96	17408	12
fp16_fp16	NN	2004	16	21504	1
bf16_bf16	NN	2104	32	18944	10
fp16_fp16	NN	2204	80	24576	4
fp16_fp16	NN	2304	96	27136	4
bf16_bf16	NN	2404	112	19968	13
fp16_fp16	NN	2504	32	20480	1
bf16_bf16	NN	2604	48	16384	9
fp16_fp16	NN	2704	16	15360	0
bf16_bf16	NN	2804	64	19968	11
bf16_bf16	NN	2904	112	20992	13
fp16_fp16	NN	3004	80	23552	4
bf16_bf16	NN	3104	96	22016	13
fp16_fp16	NN	3204	16	23040	2
bf16_bf16	NN	3304	48	17920	9
fp16_fp16	NN	3404	80	22016	5
fp16_fp16	NN	3504	112	15872	3
bf16_bf16	NN	3604	32	17408	9
bf16_bf16	NN	3704	16	18432	9
fp16_fp16	NN	3804	96	25088	5
bf16_bf16	NN	3904	32	19456	10
fp16_fp16	NN	4004	64	24064	1
bf16_bf16	NN	605	256	18432	15
fp16_fp16	NN	705	192	21504	7
fp16_fp16	NN	805	192	26624	7
bf16_bf16	NN	905	192	19456	16
bf16_bf16	NN	1005	192	24576	17
fp16_fp16	NN	1105	192	22016	6
fp16_fp16	NN	1205	128	18432	3
bf16_bf16	NN	1305	16	26112	10
fp16_fp16	NN	1405	48	25600	2
bf16_bf16	NN	1505	48	18944	10
fp16_fp16	NN	1605	112	16384	4
bf16_bf16	NN	1705	48	26624	10
fp16_fp16	NN	1805	112	20480	4
bf16_bf16	NN	1905	96	18944	13
fp16_fp16	NN	2005	80	20992	4
bf16_bf16	NN	2105	16	25600	10
bf16_bf16	NN	2205	96	20480	13
fp16_fp16	NN	2305	64	19456	1
fp16_fp16	NN	2405	80	25088	4
bf16_bf16	NN	2505	64	22528	10
fp16_fp16	NN	2605	64	15872	0
bf16_bf16	NN	2705	96	24576	13
bf16_bf16	NN	2805	80	23552	13
fp16_fp16	NN	2905	16	16896	1
bf16_bf16	NN	3005	112	15360	12
fp16_fp16	NN	3105	112	22528	4
bf16_bf16	NN	3205	32	24576	10
fp16_fp16	NN	3305	48	15872	0
fp16_fp16	NN	3405	32	24064	1
bf16_bf16	NN	3505	48	17920	9
bf16_bf16	NN	3605	80	23040	13
fp16_fp16	NN	3705	32	20480	1
bf16_bf16	NN	3805	96	27136	13
bf16_bf16	NN	3905	16	22016	11
bf16_bf16	NN	4005	64	19456	10
fp16_fp16	NN	606	256	17920	6
fp16_fp16	NN	706	192	25088	7
fp16_fp16	NN	806	192	25600	7
bf16_bf16	NN	906	192	21504	16
fp16_fp16	NN	1006	192	15360	6
fp16_fp16	NN	1106	192	16384	6
bf16_bf16	NN	1206	128	23552	13
bf16_bf16	NN	1306	80	19968	13
fp16_fp16	NN	1406	112	26112	4
bf16_bf16	NN	1506	16	16896	10
fp16_fp16	NN	1606	32	17408	0
fp16_fp16	NN	1706	96	16384	3
bf16_bf16	NN	1806	48	24064	10
bf16_bf16	NN	1906	80	26624	13
fp16_fp16	NN	2006	112	18944	4
bf16_bf16	NN	2106	64	19456	10
fp16_fp16	NN	2206	48	20480	1
bf16_bf16	NN	2306	96	18432	13
fp16_fp16	NN	2406	16	25088	1
fp16_fp16	NN	2506	48	19968	1
bf16_bf16	NN	2606	32	27136	10
bf16_bf16	NN	2706	64	23552	11
fp16_fp16	NN	2806	80	23040	5
bf16_bf16	NN	2906	96	25600	14
fp16_fp16	NN	3006	64	15872	0
bf16_bf16	NN	3106	32	16896	9
fp16_fp16	NN	3206	16	21504	1
fp16_fp16	NN	3306	112	23552	4
bf16_bf16	NN	3406	80	17408	12
bf16_bf16	NN	3506	48	20992	10
fp16_fp16	NN	3606	96	15360	3
bf16_bf16	NN	3706	16	26112	10
fp16_fp16	NN	3806	16	18944	1
bf16_bf16	NN	3906	32	17920	9
fp16_fp16	NN	4006	80	19968	4
bf16_bf16	NN	607	256	19456	16
fp16_fp16	NN	707	192	22528	7
fp16_fp16	NN	807	192	20992	7
bf16_bf16	NN	907	192	18432	15
bf16_bf16	NN	1007	192	27136	17
fp16_fp16	NN	1107	192	16896	6
fp16_fp16	NN	1207	128	17408	3
bf16_bf16	NN	1307	32	25600	10
bf16_bf16	NN	1407	48	24576	10
fp16_fp16	NN	1507	112	16384	3
fp16_fp16	NN	1607	64	20480	1
bf16_bf16	NN	1707	96	26624	13
bf16_bf16	NN	1807	48	22016	10
fp16_fp16	NN	1907	112	26112	5
fp16_fp16	NN	2007	80	23040	4
bf16_bf16	NN	2107	16	21504	11
bf16_bf16	NN	2207	112	18944	13
fp16_fp16	NN	2307	64	17408	0
bf16_bf16	NN	2407	96	18432	12
fp16_fp16	NN	2507	96	20992	5
bf16_bf16	NN	2607	32	24064	10
fp16_fp16	NN	2707	16	23040	2
bf16_bf16	NN	2807	64	15872	9
fp16_fp16	NN	2907	48	22016	2
fp16_fp16	NN	3007	80	26624	4
bf16_bf16	NN	3107	32	17920	9
fp16_fp16	NN	3207	32	24064	1
bf16_bf16	NN	3307	112	15360	12
fp16_fp16	NN	3407	112	19968	4
bf16_bf16	NN	3507	64	25600	11
fp16_fp16	NN	3607	80	27136	4
bf16_bf16	NN	3707	48	15872	9
bf16_bf16	NN	3807	96	24576	14
fp16_fp16	NN	3907	48	16896	0
bf16_bf16	NN	4007	16	26112	10
fp16_fp16	NN	8	26624	17536	7
bf16_bf16	NN	608	256	23552	17
fp16_fp16	NN	708	192	20992	6
fp16_fp16	NN	808	192	19968	7
bf16_bf16	NN	908	192	22016	16
fp16_fp16	NN	1008	192	23040	6
bf16_bf16	NN	1108	192	18944	15
bf16_bf16	NN	1208	128	15872	12
fp16_fp16	NN	1308	112	16384	3
bf16_bf16	NN	1408	64	17920	9
fp16_fp16	NN	1508	80	25088	5
bf16_bf16	NN	1608	32	26624	11
fp16_fp16	NN	1708	96	22016	4
bf16_bf16	NN	1808	64	15360	9
fp16_fp16	NN	1908	96	25088	4
bf16_bf16	NN	2008	16	26112	10
fp16_fp16	NN	2108	64	24576	1
fp16_fp16	NN	2208	112	24064	4
bf16_bf16	NN	2308	80	19968	13
bf16_bf16	NN	2408	32	17408	10
fp16_fp16	NN	2508	48	16384	1
fp16_fp16	NN	2608	16	22528	2
bf16_bf16	NN	2708	48	16896	10
bf16_bf16	NN	2808	80	21504	13
fp16_fp16	NN	2908	16	19456	1
bf16_bf16	NN	3008	32	20480	10
fp16_fp16	NN	3108	112	18432	3
bf16_bf16	NN	3208	112	27136	13
fp16_fp16	NN	3308	96	23552	5
fp16_fp16	NN	3408	16	25088	1
bf16_bf16	NN	3508	32	24064	10
bf16_bf16	NN	3608	48	17920	9
fp16_fp16	NN	3708	80	17920	3
fp16_fp16	NN	3808	64	22528	2
bf16_bf16	NN	3908	96	25600	13
fp16_fp16	NN	4008	80	23040	5
bf16_bf16	NN	9	32256	18816	16
fp16_fp16	NN	609	256	16896	6
bf16_bf16	NN	709	192	26624	17
bf16_bf16	NN	809	192	19456	15
fp16_fp16	NN	909	192	24064	7
bf16_bf16	NN	1009	192	24576	16
fp16_fp16	NN	1109	192	16384	6
bf16_bf16	NN	1209	128	15360	12
fp16_fp16	NN	1309	64	18432	0
bf16_bf16	NN	1409	96	20992	13
fp16_fp16	NN	1509	16	18944	1
bf16_bf16	NN	1609	112	26112	14
fp16_fp16	NN	1709	48	15872	0
bf16_bf16	NN	1809	32	24576	10
fp16_fp16	NN	1909	96	22016	4
bf16_bf16	NN	2009	64	23552	11
fp16_fp16	NN	2109	80	23040	5
bf16_bf16	NN	2209	96	22528	14
fp16_fp16	NN	2309	112	20480	4
fp16_fp16	NN	2409	80	27136	5
bf16_bf16	NN	2509	16	25088	10
bf16_bf16	NN	2609	16	21504	10
fp16_fp16	NN	2709	48	15360	0
fp16_fp16	NN	2809	48	17408	0
bf16_bf16	NN	2909	112	15360	12
bf16_bf16	NN	3009	64	17408	9
fp16_fp16	NN	3109	48	27136	2
fp16_fp16	NN	3209	32	18944	1
bf16_bf16	NN	3309	64	23040	11
bf16_bf16	NN	3409	32	19456	10
fp16_fp16	NN	3509	96	21504	4
bf16_bf16	NN	3609	32	19968	11
fp16_fp16	NN	3709	32	20992	0
bf16_bf16	NN	3809	80	19968	14
fp16_fp16	NN	3909	64	18944	1
fp16_fp16	NN	4009	16	24064	2
bf16_bf16	NN	10	32512	17152	16
bf16_bf16	NN	610	256	17920	16
fp16_fp16	NN	710	192	22016	7
fp16_fp16	NN	810	192	15872	6
bf16_bf16	NN	910	192	20480	16
bf16_bf16	NN	1010	192	20480	16
fp16_fp16	NN	1110	192	24576	7
fp16_fp16	NN	1210	112	26112	5
bf16_bf16	NN	1310	64	16896	9
bf16_bf16	NN	1410	16	22528	11
fp16_fp16	NN	1510	112	23552	4
bf16_bf16	NN	1610	96	18432	12
fp16_fp16	NN	1710	80	15360	3
bf16_bf16	NN	1810	16	25600	11
fp16_fp16	NN	1910	80	21504	5
fp16_fp16	NN	2010	112	20992	4
bf16_bf16	NN	2110	48	22016	10
bf16_bf16	NN	2210	48	26624	10
fp16_fp16	NN	2310	96	16896	3
bf16_bf16	NN	2410	32	25088	11
fp16_fp16	NN	2510	64	16384	0
fp16_fp16	NN	2610	80	26624	5
bf16_bf16	NN	2710	32	26624	11
bf16_bf16	NN	2810	96	22528	13
fp16_fp16	NN	2910	64	25600	1
bf16_bf16	NN	3010	112	22528	13
fp16_fp16	NN	3110	32	15872	0
fp16_fp16	NN	3210	48	19456	1
bf16_bf16	NN	3310	16	16384	9
fp16_fp16	NN	3410	16	17920	1
bf16_bf16	NN	3510	96	20992	13
fp16_fp16	NN	3610	80	17408	3
bf16_bf16	NN	3710	112	23552	13
bf16_bf16	NN	3810	48	25088	11
fp16_fp16	NN	3910	112	27136	4
fp16_fp16	NN	4010	16	21504	2
bf16_bf16	NN	11	31488	19072	17
fp16_fp16	NN	511	384	15104	6
bf16_bf16	NN	611	256	18432	15
bf16_bf16	NN	711	192	19968	16
fp16_fp16	NN	811	192	18944	7
bf16_bf16	NN	911	192	25088	15
fp16_fp16	NN	1011	192	26624	7
fp16_fp16	NN	1111	192	20480	7
fp16_fp16	NN	1211	128	26624	5
bf16_bf16	NN	1311	64	26112	10
bf16_bf16	NN	1411	96	24576	14
bf16_bf16	NN	1511	48	16896	9
fp16_fp16	NN	1611	80	16384	3
bf16_bf16	NN	1711	64	15872	9
fp16_fp16	NN	1811	32	15360	0
fp16_fp16	NN	1911	80	25600	4
bf16_bf16	NN	2011	112	23040	13
fp16_fp16	NN	2111	48	18432	0
bf16_bf16	NN	2211	64	22016	10
bf16_bf16	NN	2311	16	17920	9
fp16_fp16	NN	2411	64	24064	2
fp16_fp16	NN	2511	32	17408	0
bf16_bf16	NN	2611	16	19968	11
fp16_fp16	NN	2711	80	27136	5
bf16_bf16	NN	2811	96	18432	13
bf16_bf16	NN	2911	112	23552	14
fp16_fp16	NN	3011	48	24064	2
fp16_fp16	NN	3111	96	16384	3
bf16_bf16	NN	3211	16	23040	10
fp16_fp16	NN	3311	32	25600	1
bf16_bf16	NN	3411	112	22528	13
fp16_fp16	NN	3511	80	27136	5
bf16_bf16	NN	3611	64	19456	10
bf16_bf16	NN	3711	48	20992	10
fp16_fp16	NN	3811	112	20480	4
bf16_bf16	NN	3911	48	18944	10
fp16_fp16	NN	4011	96	23040	4
bf16_bf16	NN	12	26112	16128	15
fp16_fp16	NN	612	256	16384	6
fp16_fp16	NN	712	192	24064	7
bf16_bf16	NN	812	192	24064	16
fp16_fp16	NN	912	192	19968	7
bf16_bf16	NN	1012	192	20480	16
fp16_fp16	NN	1112	192	15872	6
bf16_bf16	NN	1212	128	17408	13
fp16_fp16	NN	1312	64	21504	1
bf16_bf16	NN	1412	112	26112	13
bf16_bf16	NN	1512	32	24576	10
fp16_fp16	NN	1612	96	17920	3
fp16_fp16	NN	1712	16	23552	1
bf16_bf16	NN	1812	32	25600	10
bf16_bf16	NN	1912	96	18944	13
fp16_fp16	NN	2012	80	27136	5
fp16_fp16	NN	2112	48	19456	1
bf16_bf16	NN	2212	80	22016	13
fp16_fp16	NN	2312	112	26112	5
bf16_bf16	NN	2412	32	20992	10
bf16_bf16	NN	2512	64	26624	10
fp16_fp16	NN	2612	64	24576	1
fp16_fp16	NN	2712	96	18432	3
bf16_bf16	NN	2812	64	15360	9
bf16_bf16	NN	2912	80	22528	13
fp16_fp16	NN	3012	16	23040	1
fp16_fp16	NN	3112	48	21504	1
bf16_bf16	NN	3212	16	25088	11
bf16_bf16	NN	3312	32	22528	11
fp16_fp16	NN	3412	48	22016	1
bf16_bf16	NN	3512	96	25600	13
fp16_fp16	NN	3612	80	20992	4
fp16_fp16	NN	3712	32	16896	0
bf16_bf16	NN	3812	16	25088	10
fp16_fp16	NN	3912	112	19968	4
bf16_bf16	NN	4012	16	17408	9
bf16_bf16	NN	13	27392	17280	16
bf16_bf16	NN	513	256	15104	15
bf16_bf16	NN	613	256	19456	16
fp16_fp16	NN	713	192	27136	7
fp16_fp16	NN	813	192	25088	7
fp16_fp16	NN	913	192	15872	6
fp16_fp16	NN	1013	192	26112	7
bf16_bf16	NN	1113	192	17408	15
fp16_fp16	NN	1213	80	16896	3
bf16_bf16	NN	1313	112	17920	13
bf16_bf16	NN	1413	48	24576	11
fp16_fp16	NN	1513	96	25600	4
bf16_bf16	NN	1613	64	21504	10
fp16_fp16	NN	1713	32	18432	0
bf16_bf16	NN	1813	80	15360	12
fp16_fp16	NN	1913	112	18944	4
bf16_bf16	NN	2013	32	26624	11
fp16_fp16	NN	2113	16	17920	0
fp16_fp16	NN	2213	48	23040	1
bf16_bf16	NN	2313	64	25600	11
bf16_bf16	NN	2413	96	24576	14
fp16_fp16	NN	2513	48	15872	0
bf16_bf16	NN	2613	96	26112	13
fp16_fp16	NN	2713	80	23552	4
fp16_fp16	NN	2813	16	16896	0
bf16_bf16	NN	2913	32	16384	9
bf16_bf16	NN	3013	64	19456	10
fp16_fp16	NN	3113	112	15360	3
bf16_bf16	NN	3213	112	21504	13
fp16_fp16	NN	3313	16	20992	1
bf16_bf16	NN	3413	32	20480	10
fp16_fp16	NN	3513	96	19968	3
bf16_bf16	NN	3613	80	18944	13
fp16_fp16	NN	3713	64	19456	1
bf16_bf16	NN	3813	48	24064	11
fp16_fp16	NN	3913	112	27136	5
fp16_fp16	NN	4013	48	22528	1
bf16_bf16	NN	14	26368	19200	17
fp16_fp16	NN	514	256	20992	7
fp16_fp16	NN	614	256	16384	6
bf16_bf16	NN	714	192	17920	15
bf16_bf16	NN	814	192	23552	15
fp16_fp16	NN	914	192	16896	6
bf16_bf16	NN	1014	192	19456	15
bf16_bf16	NN	1114	192	20480	15
bf16_bf16	NN	1214	128	19456	13
fp16_fp16	NN	1314	80	26112	4
fp16_fp16	NN	1414	64	15872	0
bf16_bf16	NN	1514	96	19968	13
fp16_fp16	NN	1614	32	18432	0
fp16_fp16	NN	1714	64	22016	2
bf16_bf16	NN	1814	80	25088	13
fp16_fp16	NN	1914	80	15360	3
bf16_bf16	NN	2014	96	24576	13
bf16_bf16	NN	2114	48	26624	10
fp16_fp16	NN	2214	16	27136	2
fp16_fp16	NN	2314	112	17408	3
bf16_bf16	NN	2414	80	21504	13
bf16_bf16	NN	2514	64	23552	10
fp16_fp16	NN	2614	80	23040	4
fp16_fp16	NN	2714	32	22016	1
bf16_bf16	NN	2814	96	22528	13
fp16_fp16	NN	2914	96	18944	4
bf16_bf16	NN	3014	48	24064	10
bf16_bf16	NN	3114	112	23040	13
fp16_fp16	NN	3214	32	24064	1
bf16_bf16	NN	3314	16	25088	10
fp16_fp16	NN	3414	112	26112	5
bf16_bf16	NN	3514	16	16384	9
bf16_bf16	NN	3614	96	20480	13
fp16_fp16	NN	3714	32	22016	2
fp16_fp16	NN	3814	64	26624	2
fp16_fp16	NN	3914	48	17408	0
bf16_bf16	NN	4014	16	24064	11
fp16_fp16	NN	15	30976	17664	7
bf16_bf16	NN	515	256	26112	16
bf16_bf16	NN	615	256	20992	16
fp16_fp16	NN	715	192	21504	7
fp16_fp16	NN	815	192	16896	6
bf16_bf16	NN	915	192	16384	15
bf16_bf16	NN	1015	192	19968	16
fp16_fp16	NN	1115	192	18432	6
bf16_bf16	NN	1215	128	21504	13
fp16_fp16	NN	1315	112	17920	3
fp16_fp16	NN	1415	32	22528	1
bf16_bf16	NN	1515	64	17920	9
bf16_bf16	NN	1615	64	15872	9
fp16_fp16	NN	1715	48	20992	1
fp16_fp16	NN	1815	16	18944	1
bf16_bf16	NN	1915	96	23552	13
fp16_fp16	NN	2015	32	20480	2
bf16_bf16	NN	2115	80	27136	13
bf16_bf16	NN	2215	112	23552	13
fp16_fp16	NN	2315	80	24576	5
fp16_fp16	NN	2415	16	23040	1
bf16_bf16	NN	2515	32	18944	10
fp16_fp16	NN	2615	48	25600	2
bf16_bf16	NN	2715	80	15360	12
bf16_bf16	NN	2815	64	17408	9
fp16_fp16	NN	2915	112	24576	4
bf16_bf16	NN	3015	16	15872	9
fp16_fp16	NN	3115	96	15360	3
fp16_fp16	NN	3215	48	26624	2
bf16_bf16	NN	3315	64	25600	10
bf16_bf16	NN	3415	32	27136	11
fp16_fp16	NN	3515	48	15360	0
bf16_bf16	NN	3615	16	25088	10
fp16_fp16	NN	3715	64	22016	1
fp16_fp16	NN	3815	80	22528	4
bf16_bf16	NN	3915	112	27136	13
bf16_bf16	NN	4015	32	16896	10
fp16_fp16	NN	16	25856	15488	6
fp16_fp16	NN	516	256	16384	6
bf16_bf16	NN	616	256	18944	16
bf16_bf16	NN	716	192	24064	16
fp16_fp16	NN	816	192	24576	7
bf16_bf16	NN	916	192	16896	15
fp16_fp16	NN	1016	192	15872	6
fp16_fp16	NN	1116	192	18432	6
bf16_bf16	NN	1216	96	20480	13
fp16_fp16	NN	1316	112	19968	4
bf16_bf16	NN	1416	96	17920	12
fp16_fp16	NN	1516	16	19456	1
bf16_bf16	NN	1616	80	26624	13
bf16_bf16	NN	1716	48	24064	10
fp16_fp16	NN	1816	16	17408	0
bf16_bf16	NN	1916	48	19968	10
fp16_fp16	NN	2016	64	20992	2
fp16_fp16	NN	2116	112	18432	3
bf16_bf16	NN	2216	32	25600	11
bf16_bf16	NN	2316	96	25088	13
fp16_fp16	NN	2416	48	23040	2
bf16_bf16	NN	2516	16	21504	11
fp16_fp16	NN	2616	96	22528	4
bf16_bf16	NN	2716	112	23552	13
fp16_fp16	NN	2816	64	24576	1
bf16_bf16	NN	2916	32	20480	10
fp16_fp16	NN	3016	80	18432	3
fp16_fp16	NN	3116	48	16896	0
bf16_bf16	NN	3216	112	18944	13
fp16_fp16	NN	3316	16	17920	0
bf16_bf16	NN	3416	64	15360	9
fp16_fp16	NN	3516	96	16384	3
bf16_bf16	NN	3616	32	21504	10
fp16_fp16	NN	3716	80	26112	5
bf16_bf16	NN	3816	32	19456	10
fp16_fp16	NN	3916	16	22016	1
bf16_bf16	NN	4016	48	15872	9
bf16_bf16	NN	517	256	19968	16
fp16_fp16	NN	617	256	15872	6
bf16_bf16	NN	717	192	20480	16
fp16_fp16	NN	817	192	27136	7
fp16_fp16	NN	917	192	25088	7
bf16_bf16	NN	1017	192	26624	17
bf16_bf16	NN	1117	192	23040	16
fp16_fp16	NN	1217	112	23552	4
fp16_fp16	NN	1317	64	25600	1
bf16_bf16	NN	1417	96	18432	12
fp16_fp16	NN	1517	96	17408	3
bf16_bf16	NN	1617	80	22016	13
bf16_bf16	NN	1717	48	20480	10
fp16_fp16	NN	1817	32	15360	0
fp16_fp16	NN	1917	80	23040	5
bf16_bf16	NN	2017	96	22528	13
fp16_fp16	NN	2117	16	17920	0
bf16_bf16	NN	2217	32	16384	9
fp16_fp16	NN	2317	112	22016	4
bf16_bf16	NN	2417	64	16896	9
fp16_fp16	NN	2517	64	19456	1
bf16_bf16	NN	2617	80	16384	12
bf16_bf16	NN	2717	112	17408	12
fp16_fp16	NN	2817	112	26112	5
fp16_fp16	NN	2917	48	20992	2
bf16_bf16	NN	3017	32	26112	11
bf16_bf16	NN	3117	16	20480	11
fp16_fp16	NN	3217	80	26624	4
fp16_fp16	NN	3317	32	21504	1
bf16_bf16	NN	3417	48	19456	11
fp16_fp16	NN	3517	96	18944	4
bf16_bf16	NN	3617	16	25088	11
fp16_fp16	NN	3717	96	25600	5
bf16_bf16	NN	3817	64	22016	10
fp16_fp16	NN	3917	64	24064	2
bf16_bf16	NN	4017	80	16896	12
bf16_bf16	NN	518	256	15360	15
bf16_bf16	NN	618	256	26112	16
fp16_fp16	NN	718	192	23040	7
fp16_fp16	NN	818	192	17920	6
bf16_bf16	NN	918	192	19968	16
fp16_fp16	NN	1018	192	24064	7
bf16_bf16	NN	1118	192	25088	16
bf16_bf16	NN	1218	128	25600	14
fp16_fp16	NN	1318	96	27136	4
fp16_fp16	NN	1418	112	23552	3
fp16_fp16	NN	1518	16	18432	0
bf16_bf16	NN	1618	48	20480	11
bf16_bf16	NN	1718	32	22528	10
fp16_fp16	NN	1818	112	15872	3
bf16_bf16	NN	1918	48	23552	11
fp16_fp16	NN	2018	96	20992	4
bf16_bf16	NN	2118	64	21504	10
fp16_fp16	NN	2218	80	20992	4
fp16_fp16	NN	2318	16	27136	2
bf16_bf16	NN	2418	80	26624	14
fp16_fp16	NN	2518	112	19968	4
bf16_bf16	NN	2618	64	23040	10
bf16_bf16	NN	2718	48	15872	9
fp16_fp16	NN	2818	96	17408	3
bf16_bf16	NN	2918	16	16896	9
fp16_fp16	NN	3018	32	19968	1
fp16_fp16	NN	3118	48	24576	1
bf16_bf16	NN	3218	112	18944	13
bf16_bf16	NN	3318	64	17408	10
fp16_fp16	NN	3418	80	22528	4
bf16_bf16	NN	3518	64	24576	10
fp16_fp16	NN	3618	96	27136	4
bf16_bf16	NN	3718	32	18432	10
fp16_fp16	NN	3818	16	20992	1
fp16_fp16	NN	3918	16	24576	2
bf16_bf16	NN	4018	32	25088	11
bf16_bf16	NN	519	256	24576	16
fp16_fp16	NN	619	256	15360	6
bf16_bf16	NN	719	192	18944	16
fp16_fp16	NN	819	192	25600	7
bf16_bf16	NN	919	192	16896	15
fp16_fp16	NN	1019	192	22016	7
fp16_fp16	NN	1119	192	21504	7
fp16_fp16	NN	1219	128	22016	4
bf16_bf16	NN	1319	80	20992	13
bf16_bf16	NN	1419	16	15360	9
bf16_bf16	NN	1519	112	27136	13
fp16_fp16	NN	1619	48	20480	2
fp16_fp16	NN	1719	96	16384	3
bf16_bf16	NN	1819	64	23040	11
bf16_bf16	NN	1919	112	23552	13
fp16_fp16	NN	2019	112	19456	4
fp16_fp16	NN	2119	32	25088	2
bf16_bf16	NN	2219	48	18432	9
fp16_fp16	NN	2319	80	26624	4
bf16_bf16	NN	2419	64	19456	9
bf16_bf16	NN	2519	16	15872	9
fp16_fp16	NN	2619	32	17920	0
bf16_bf16	NN	2719	48	18944	10
fp16_fp16	NN	2819	48	24064	1
fp16_fp16	NN	2919	80	17408	3
bf16_bf16	NN	3019	80	26112	13
fp16_fp16	NN	3119	112	16384	3
bf16_bf16	NN	3219	96	22528	14
bf16_bf16	NN	3319	96	22528	13
fp16_fp16	NN	3419	16	15872	0
fp16_fp16	NN	3519	32	26112	1
bf16_bf16	NN	3619	96	16384	12
fp16_fp16	NN	3719	64	21504	1
bf16_bf16	NN	3819	32	16896	9
bf16_bf16	NN	3919	80	23040	13
fp16_fp16	NN	4019	64	17920	0
bf16_bf16	NN	320	512	15104	15
fp16_fp16	NN	520	256	15872	6
bf16_bf16	NN	620	256	25600	17
fp16_fp16	NN	720	192	20480	7
bf16_bf16	NN	820	192	20992	16
fp16_fp16	NN	920	192	18944	7
bf16_bf16	NN	1020	192	24576	16
fp16_fp16	NN	1120	192	22016	7
bf16_bf16	NN	1220	128	17408	12
fp16_fp16	NN	1320	48	16384	0
bf16_bf16	NN	1420	112	21504	13
fp16_fp16	NN	1520	96	23552	5
fp16_fp16	NN	1620	32	26624	1
bf16_bf16	NN	1720	48	19968	9
bf16_bf16	NN	1820	16	16896	9
fp16_fp16	NN	1920	80	27136	5
fp16_fp16	NN	2020	80	22528	4
bf16_bf16	NN	2120	96	26624	14
fp16_fp16	NN	2220	112	26112	5
bf16_bf16	NN	2320	112	17920	12
fp16_fp16	NN	2420	64	25088	1
bf16_bf16	NN	2520	32	18432	10
fp16_fp16	NN	2620	16	23552	2
bf16_bf16	NN	2720	64	17408	9
bf16_bf16	NN	2820	96	24064	13
fp16_fp16	NN	2920	16	15360	0
fp16_fp16	NN	3020	48	27136	1
bf16_bf16	NN	3120	64	26112	11
fp16_fp16	NN	3220	48	19968	1
bf16_bf16	NN	3320	80	26624	13
fp16_fp16	NN	3420	112	25600	5
bf16_bf16	NN	3520	64	24064	10
fp16_fp16	NN	3620	32	15360	0
bf16_bf16	NN	3720	96	18432	12
bf16_bf16	NN	3820	16	21504	10
fp16_fp16	NN	3920	80	25088	5
bf16_bf16	NN	4020	112	17920	12
fp16_fp16	NN	521	256	27136	7
bf16_bf16	NN	621	256	24576	16
fp16_fp16	NN	721	192	23552	6
fp16_fp16	NN	821	192	19968	7
bf16_bf16	NN	921	192	21504	16
fp16_fp16	NN	1021	192	18944	7
bf16_bf16	NN	1121	192	15872	15
fp16_fp16	NN	1221	32	25600	1
bf16_bf16	NN	1321	48	16896	9
fp16_fp16	NN	1421	48	22016	1
bf16_bf16	NN	1521	16	24064	11
bf16_bf16	NN	1621	16	19456	10
fp16_fp16	NN	1721	80	19456	4
bf16_bf16	NN	1821	64	22528	10
fp16_fp16	NN	1921	112	19968	3
bf16_bf16	NN	2021	96	17408	12
fp16_fp16	NN	2121	80	20992	4
fp16_fp16	NN	2221	112	23040	4
bf16_bf16	NN	2321	32	20992	10
bf16_bf16	NN	2421	96	16384	12
fp16_fp16	NN	2521	64	23040	2
bf16_bf16	NN	2621	48	23552	11
fp16_fp16	NN	2721	16	18432	0
bf16_bf16	NN	2821	32	19456	10
fp16_fp16	NN	2921	80	24576	4
fp16_fp16	NN	3021	96	26112	4
bf16_bf16	NN	3121	16	22016	10
bf16_bf16	NN	3221	32	20480	10
fp16_fp16	NN	3321	48	27136	1
fp16_fp16	NN	3421	64	15360	0
bf16_bf16	NN	3521	112	25600	13
fp16_fp16	NN	3621	16	25088	1
bf16_bf16	NN	3721	80	18944	14
bf16_bf16	NN	3821	64	17920	9
fp16_fp16	NN	3921	112	17408	3
fp16_fp16	NN	4021	48	24064	1
bf16_bf16	NN	522	256	17920	15
bf16_bf16	NN	622	256	16384	15
fp16_fp16	NN	722	192	25088	7
bf16_bf16	NN	822	192	16896	15
fp16_fp16	NN	922	192	19456	7
bf16_bf16	NN	1022	192	22528	16
fp16_fp16	NN	1122	192	15872	6
bf16_bf16	NN	1222	128	20480	13
fp16_fp16	NN	1322	16	26624	2
bf16_bf16	NN	1422	32	20480	11
fp16_fp16	NN	1522	48	19968	1
bf16_bf16	NN	1622	32	21504	10
fp16_fp16	NN	1722	80	25600	4
fp16_fp16	NN	1822	96	19968	5
bf16_bf16	NN	1922	96	18432	13
bf16_bf16	NN	2022	96	20992	14
fp16_fp16	NN	2122	112	24064	5
fp16_fp16	NN	2222	64	26624	2
bf16_bf16	NN	2322	64	23552	10
fp16_fp16	NN	2422	80	23040	5
bf16_bf16	NN	2522	16	26112	10
fp16_fp16	NN	2622	112	22016	4
bf16_bf16	NN	2722	16	22528	10
fp16_fp16	NN	2822	96	15360	3
bf16_bf16	NN	2922	48	24576	10
fp16_fp16	NN	3022	48	18944	1
bf16_bf16	NN	3122	112	20480	12
bf16_bf16	NN	3222	64	15872	9
fp16_fp16	NN	3322	80	17920	3
fp16_fp16	NN	3422	32	27136	2
bf16_bf16	NN	3522	32	18432	10
bf16_bf16	NN	3622	112	17408	12
fp16_fp16	NN	3722	32	17408	0
fp16_fp16	NN	3822	96	15360	3
bf16_bf16	NN	3922	64	19456	11
fp16_fp16	NN	4022	16	23040	2
bf16_bf16	NN	223	768	15104	15
bf16_bf16	NN	523	256	18432	15
bf16_bf16	NN	623	256	26112	17
fp16_fp16	NN	723	192	26112	7
fp16_fp16	NN	823	192	23040	7
bf16_bf16	NN	923	192	22016	15
fp16_fp16	NN	1023	192	16384	6
fp16_fp16	NN	1123	192	24064	7
bf16_bf16	NN	1223	128	20480	13
bf16_bf16	NN	1323	80	18944	13
fp16_fp16	NN	1423	32	25088	1
fp16_fp16	NN	1523	112	24576	4
bf16_bf16	NN	1623	48	26624	10
fp16_fp16	NN	1723	64	20992	2
bf16_bf16	NN	1823	112	21504	13
fp16_fp16	NN	1923	80	23552	4
bf16_bf16	NN	2023	48	16384	9
bf16_bf16	NN	2123	16	17920	9
fp16_fp16	NN	2223	96	22016	4
bf16_bf16	NN	2323	32	22528	11
fp16_fp16	NN	2423	32	25088	2
bf16_bf16	NN	2523	48	20992	10
fp16_fp16	NN	2623	96	16896	3
bf16_bf16	NN	2723	48	25600	10
fp16_fp16	NN	2823	80	16896	3
bf16_bf16	NN	2923	16	15872	9
fp16_fp16	NN	3023	16	21504	1
bf16_bf16	NN	3123	64	25600	10
fp16_fp16	NN	3223	96	19456	4
fp16_fp16	NN	3323	80	23552	4
bf16_bf16	NN	3423	112	17408	12
bf16_bf16	NN	3523	96	24576	14
fp16_fp16	NN	3623	64	22528	1
bf16_bf16	NN	3723	64	15872	9
fp16_fp16	NN	3823	16	16896	0
bf16_bf16	NN	3923	112	27136	13
fp16_fp16	NN	4023	32	18432	1
fp16_fp16	NN	524	256	15360	6
bf16_bf16	NN	624	192	23040	16
fp16_fp16	NN	724	192	24064	7
bf16_bf16	NN	824	192	16384	15
bf16_bf16	NN	924	192	21504	16
bf16_bf16	NN	1024	1024	10240	15
fp16_fp16	NN	1124	192	25600	7
fp16_fp16	NN	1224	128	17408	3
fp16_fp16	NN	1324	48	26112	2
bf16_bf16	NN	1424	80	20992	13
bf16_bf16	NN	1524	64	19968	10
fp16_fp16	NN	1624	96	24576	4
fp16_fp16	NN	1724	112	24064	5
bf16_bf16	NN	1824	112	27136	13
bf16_bf16	NN	1924	80	22016	13
fp16_fp16	NN	2024	32	16384	0
bf16_bf16	NN	2124	16	19968	10
fp16_fp16	NN	2224	48	17920	1
bf16_bf16	NN	2324	64	15360	9
fp16_fp16	NN	2424	48	16896	0
fp16_fp16	NN	2524	16	20480	1
bf16_bf16	NN	2624	32	20480	10
bf16_bf16	NN	2724	96	18944	13
fp16_fp16	NN	2824	112	23552	4
fp16_fp16	NN	2924	80	18944	4
bf16_bf16	NN	3024	64	15872	9
fp16_fp16	NN	3124	16	25088	2
bf16_bf16	NN	3224	96	18432	12
fp16_fp16	NN	3324	80	19456	5
bf16_bf16	NN	3424	16	17920	9
fp16_fp16	NN	3524	48	25600	1
bf16_bf16	NN	3624	112	26624	13
bf16_bf16	NN	3724	96	22528	14
fp16_fp16	NN	3824	80	19456	4
bf16_bf16	NN	3924	64	18944	10
fp16_fp16	NN	4024	96	26112	4
fp16_fp16	NN	525	256	22528	7
bf16_bf16	NN	625	256	21504	17
bf16_bf16	NN	725	192	23552	16
fp16_fp16	NN	825	192	20992	7
bf16_bf16	NN	925	192	26624	17
fp16_fp16	NN	1025	1024	8192	6
bf16_bf16	NN	1125	192	24576	16
fp16_fp16	NN	1225	128	15360	3
fp16_fp16	NN	1325	32	20480	1
bf16_bf16	NN	1425	64	22016	10
fp16_fp16	NN	1525	48	24064	1
bf16_bf16	NN	1625	112	17408	12
fp16_fp16	NN	1725	80	23040	5
bf16_bf16	NN	1825	96	22528	13
fp16_fp16	NN	1925	32	16896	0
bf16_bf16	NN	2025	16	16896	9
fp16_fp16	NN	2125	32	15872	0
bf16_bf16	NN	2225	32	18432	9
fp16_fp16	NN	2325	80	27136	5
bf16_bf16	NN	2425	112	26624	13
bf16_bf16	NN	2525	16	22016	10
fp16_fp16	NN	2625	64	23040	1
fp16_fp16	NN	2725	96	25088	4
bf16_bf16	NN	2825	48	16896	9
bf16_bf16	NN	2925	48	15360	9
fp16_fp16	NN	3025	64	16384	0
fp16_fp16	NN	3125	96	19968	4
bf16_bf16	NN	3225	32	18432	10
fp16_fp16	NN	3325	112	21504	5
bf16_bf16	NN	3425	80	25600	13
bf16_bf16	NN	3525	48	15872	9
fp16_fp16	NN	3625	32	18944	1
bf16_bf16	NN	3725	16	17920	9
fp16_fp16	NN	3825	80	20992	4
fp16_fp16	NN	3925	112	25088	5
bf16_bf16	NN	4025	64	26112	10
bf16_bf16	NN	526	256	16896	15
fp16_fp16	NN	626	256	25088	7
bf16_bf16	NN	726	192	24576	16
fp16_fp16	NN	826	192	24576	6
fp16_fp16	NN	926	192	25600	7
bf16_bf16	NN	1026	192	26112	16
fp16_fp16	NN	1126	192	27136	7
bf16_bf16	NN	1226	128	19456	13
bf16_bf16	NN	1326	48	21504	11
fp16_fp16	NN	1426	48	26624	1
fp16_fp16	NN	1526	16	23040	1
bf16_bf16	NN	1626	16	24064	11
bf16_bf16	NN	1726	80	15360	12
fp16_fp16	NN	1826	48	19456	1
fp16_fp16	NN	1926	96	18432	3
bf16_bf16	NN	2026	80	17408	12
fp16_fp16	NN	2126	64	23552	1
bf16_bf16	NN	2226	32	26624	11
fp16_fp16	NN	2326	112	19968	5
bf16_bf16	NN	2426	96	16384	12
bf16_bf16	NN	2526	64	19968	10
fp16_fp16	NN	2626	32	25600	1
fp16_fp16	NN	2726	16	20992	1
bf16_bf16	NN	2826	112	21504	13
bf16_bf16	NN	2926	112	22528	13
fp16_fp16	NN	3026	48	23552	2
fp16_fp16	NN	3126	32	18944	2
bf16_bf16	NN	3226	96	23552	13
bf16_bf16	NN	3326	80	17920	12
fp16_fp16	NN	3426	48	17408	0
fp16_fp16	NN	3526	64	24576	1
bf16_bf16	NN	3626	16	20480	10
bf16_bf16	NN	3726	32	20480	10
fp16_fp16	NN	3826	112	24064	4
fp16_fp16	NN	3926	64	27136	2
bf16_bf16	NN	4026	80	15872	12
bf16_bf16	NN	527	256	22016	16
bf16_bf16	NN	627	256	19968	16
fp16_fp16	NN	727	192	20480	6
fp16_fp16	NN	827	192	24064	7
bf16_bf16	NN	927	192	17920	15
fp16_fp16	NN	1027	192	23040	7
fp16_fp16	NN	1127	192	15360	6
bf16_bf16	NN	1227	128	23552	13
bf16_bf16	NN	1327	96	20992	13
fp16_fp16	NN	1427	80	16384	3
bf16_bf16	NN	1527	16	18944	10
fp16_fp16	NN	1627	32	21504	1
fp16_fp16	NN	1727	16	26112	1
bf16_bf16	NN	1827	48	19456	10
fp16_fp16	NN	1927	96	16384	3
bf16_bf16	NN	2027	64	22528	11
bf16_bf16	NN	2127	96	25088	13
fp16_fp16	NN	2227	48	15872	0
fp16_fp16	NN	2327	112	25088	5
bf16_bf16	NN	2427	16	27136	10
bf16_bf16	NN	2527	80	23040	14
fp16_fp16	NN	2627	112	18944	5
fp16_fp16	NN	2727	80	26624	4
bf16_bf16	NN	2827	96	25600	13
bf16_bf16	NN	2927	48	15360	9
fp16_fp16	NN	3027	32	20480	1
bf16_bf16	NN	3127	64	18432	9
fp16_fp16	NN	3227	112	22016	5
bf16_bf16	NN	3327	64	17408	9
fp16_fp16	NN	3427	16	18432	0
fp16_fp16	NN	3527	64	19456	1
bf16_bf16	NN	3627	48	24576	10
fp16_fp16	NN	3727	112	19968	4
bf16_bf16	NN	3827	32	17920	9
fp16_fp16	NN	3927	32	22016	2
bf16_bf16	NN	4027	48	26624	10
fp16_fp16	NN	528	256	26112	7
bf16_bf16	NN	628	256	17408	15
fp16_fp16	NN	728	192	15872	6
bf16_bf16	NN	828	192	25088	15
fp16_fp16	NN	928	192	24064	7
bf16_bf16	NN	1028	192	19456	16
bf16_bf16	NN	1128	192	21504	16
bf16_bf16	NN	1228	128	27136	14
fp16_fp16	NN	1328	80	15360	3
fp16_fp16	NN	1428	16	25088	1
fp16_fp16	NN	1528	80	22528	4
bf16_bf16	NN	1628	32	23552	10
bf16_bf16	NN	1728	96	18944	13
fp16_fp16	NN	1828	96	16384	3
fp16_fp16	NN	1928	112	26112	4
bf16_bf16	NN	2028	112	16896	12
bf16_bf16	NN	2128	64	26624	10
fp16_fp16	NN	2228	16	22528	0
fp16_fp16	NN	2328	48	23040	2
bf16_bf16	NN	2428	32	17920	10
fp16_fp16	NN	2528	16	15872	0
bf16_bf16	NN	2628	80	17408	12
bf16_bf16	NN	2728	96	16384	13
fp16_fp16	NN	2828	16	26112	1
bf16_bf16	NN	2928	96	24576	13
fp16_fp16	NN	3028	48	22016	1
fp16_fp16	NN	3128	80	20992	5
bf16_bf16	NN	3228	64	21504	10
fp16_fp16	NN	3328	112	27136	4
bf16_bf16	NN	3428	32	26624	11
fp16_fp16	NN	3528	64	19968	1
bf16_bf16	NN	3628	96	20992	13
bf16_bf16	NN	3728	64	25600	11
fp16_fp16	NN	3828	48	18944	1
fp16_fp16	NN	3928	112	17408	3
bf16_bf16	NN	4028	80	19968	13
bf16_bf16	NN	129	896	15104	15
fp16_fp16	NN	529	256	15872	6
bf16_bf16	NN	629	256	18944	16
fp16_fp16	NN	729	192	22016	7
fp16_fp16	NN	829	192	24064	6
bf16_bf16	NN	929	192	17920	15
bf16_bf16	NN	1029	192	20992	16
fp16_fp16	NN	1129	192	18432	6
bf16_bf16	NN	1229	128	15360	12
fp16_fp16	NN	1329	16	26624	1
fp16_fp16	NN	1429	16	20480	1
bf16_bf16	NN	1529	64	27136	11
bf16_bf16	NN	1629	112	16896	12
fp16_fp16	NN	1729	32	19456	1
bf16_bf16	NN	1829	48	24576	10
fp16_fp16	NN	1929	64	23040	1
bf16_bf16	NN	2029	96	24576	14
fp16_fp16	NN	2129	32	20480	1
fp16_fp16	NN	2229	32	25600	1
bf16_bf16	NN	2329	96	24064	13
fp16_fp16	NN	2429	80	23040	4
bf16_bf16	NN	2529	16	25088	11
fp16_fp16	NN	2629	112	18432	3
bf16_bf16	NN	2729	16	26112	11
bf16_bf16	NN	2829	112	19968	13
fp16_fp16	NN	2929	96	20992	3
fp16_fp16	NN	3029	80	17920	3
bf16_bf16	NN	3129	48	16384	9
bf16_bf16	NN	3229	80	24064	13
fp16_fp16	NN	3329	112	22528	4
bf16_bf16	NN	3429	64	19456	10
fp16_fp16	NN	3529	96	15360	3
fp16_fp16	NN	3629	48	21504	1
bf16_bf16	NN	3729	32	20992	10
fp16_fp16	NN	3829	48	24064	2
bf16_bf16	NN	3929	64	23552	11
fp16_fp16	NN	4029	80	22528	4
bf16_bf16	NN	530	256	17408	16
bf16_bf16	NN	630	256	18432	15
fp16_fp16	NN	730	192	16384	6
fp16_fp16	NN	830	192	23552	7
bf16_bf16	NN	930	192	19456	16
fp16_fp16	NN	1030	192	15360	6
bf16_bf16	NN	1130	192	26624	16
bf16_bf16	NN	1230	128	17408	12
fp16_fp16	NN	1330	112	22528	4
bf16_bf16	NN	1430	16	25088	10
fp16_fp16	NN	1530	64	17920	0
bf16_bf16	NN	1630	112	27136	13
fp16_fp16	NN	1730	80	24576	5
fp16_fp16	NN	1830	48	16896	0
bf16_bf16	NN	1930	32	24576	11
bf16_bf16	NN	2030	16	18944	10
fp16_fp16	NN	2130	80	21504	4
fp16_fp16	NN	2230	32	16896	0
bf16_bf16	NN	2330	96	22528	13
bf16_bf16	NN	2430	32	25600	10
fp16_fp16	NN	2530	112	22016	4
bf16_bf16	NN	2630	48	22016	10
fp16_fp16	NN	2730	96	23040	4
fp16_fp16	NN	2830	48	15872	0
bf16_bf16	NN	2930	32	24064	10
fp16_fp16	NN	3030	80	19968	4
bf16_bf16	NN	3130	16	15872	9
fp16_fp16	NN	3230	64	23552	2
bf16_bf16	NN	3330	64	20480	11
bf16_bf16	NN	3430	96	16896	12
fp16_fp16	NN	3530	16	23552	2
bf16_bf16	NN	3630	80	25600	13
fp16_fp16	NN	3730	48	15872	0
bf16_bf16	NN	3830	96	16384	13
fp16_fp16	NN	3930	64	18432	0
fp16_fp16	NN	4030	16	25088	2
bf16_bf16	NN	531	256	27136	17
bf16_bf16	NN	631	256	15360	15
fp16_fp16	NN	731	192	19456	7
bf16_bf16	NN	831	192	21504	16
fp16_fp16	NN	931	192	24064	6
bf16_bf16	NN	1031	192	20480	16
fp16_fp16	NN	1131	192	20480	7
fp16_fp16	NN	1231	128	18432	3
bf16_bf16	NN	1331	96	20992	13
bf16_bf16	NN	1431	32	25600	10
fp16_fp16	NN	1531	112	16384	3
bf16_bf16	NN	1631	112	26112	13
fp16_fp16	NN	1731	64	23040	2
fp16_fp16	NN	1831	16	17920	0
bf16_bf16	NN	1931	48	27136	10
fp16_fp16	NN	2031	80	22016	5
bf16_bf16	NN	2131	64	19968	10
fp16_fp16	NN	2231	32	24576	2
bf16_bf16	NN	2331	64	26624	11
bf16_bf16	NN	2431	80	18944	13
fp16_fp16	NN	2531	32	16896	0
bf16_bf16	NN	2631	48	19456	10
fp16_fp16	NN	2731	112	19968	4
fp16_fp16	NN	2831	96	27136	5
bf16_bf16	NN	2931	112	21504	13
fp16_fp16	NN	3031	16	17920	0
bf16_bf16	NN	3131	16	20992	10
fp16_fp16	NN	3231	96	17408	3
bf16_bf16	NN	3331	16	22528	10
bf16_bf16	NN	3431	64	26112	10
fp16_fp16	NN	3531	80	26112	4
bf16_bf16	NN	3631	32	16384	10
fp16_fp16	NN	3731	48	15872	0
fp16_fp16	NN	3831	112	23040	4
bf16_bf16	NN	3931	80	22016	13
bf16_bf16	NN	4031	96	23552	13
fp16_fp16	NN	532	256	15360	6
bf16_bf16	NN	632	192	25088	16
fp16_fp16	NN	732	192	25088	7
bf16_bf16	NN	832	192	26624	16
fp16_fp16	NN	932	192	24064	7
bf16_bf16	NN	1032	192	16896	15
fp16_fp16	NN	1132	192	18432	6
bf16_bf16	NN	1232	64	25600	10
fp16_fp16	NN	1332	32	17920	0
fp16_fp16	NN	1432	48	23040	1
bf16_bf16	NN	1532	96	24576	13
fp16_fp16	NN	1632	16	26112	2
bf16_bf16	NN	1732	48	19968	10
bf16_bf16	NN	1832	16	21504	11
fp16_fp16	NN	1932	48	26624	2
fp16_fp16	NN	2032	32	27136	2
bf16_bf16	NN	2132	96	15360	12
bf16_bf16	NN	2232	80	26624	12
fp16_fp16	NN	2332	16	22016	2
bf16_bf16	NN	2432	32	20480	10
fp16_fp16	NN	2532	112	15872	3
fp16_fp16	NN	2632	112	18944	4
bf16_bf16	NN	2732	64	19456	10
fp16_fp16	NN	2832	80	17408	3
bf16_bf16	NN	2932	96	18432	13
bf16_bf16	NN	3032	112	17408	12
fp16_fp16	NN	3132	48	24064	2
bf16_bf16	NN	3232	64	23552	10
fp16_fp16	NN	3332	80	23040	5
fp16_fp16	NN	3432	112	20992	4
bf16_bf16	NN	3532	96	22528	13
fp16_fp16	NN	3632	32	26112	1
bf16_bf16	NN	3732	80	18944	13
fp16_fp16	NN	3832	32	16896	0
bf16_bf16	NN	3932	16	19456	10
fp16_fp16	NN	4032	32	20480	1
bf16_bf16	NN	533	192	20992	15
bf16_bf16	NN	633	256	27136	17
fp16_fp16	NN	733	192	20992	6
fp16_fp16	NN	833	192	21504	6
bf16_bf16	NN	933	192	19968	16
bf16_bf16	NN	1033	192	19456	16
fp16_fp16	NN	1133	192	16384	6
bf16_bf16	NN	1233	48	16896	9
fp16_fp16	NN	1333	64	18432	0
fp16_fp16	NN	1433	112	18944	4
bf16_bf16	NN	1533	64	23552	10
fp16_fp16	NN	1633	80	22016	4
bf16_bf16	NN	1733	96	22528	13
fp16_fp16	NN	1833	112	15360	3
bf16_bf16	NN	1933	48	16896	9
fp16_fp16	NN	2033	16	19456	1
bf16_bf16	NN	2133	16	25088	10
bf16_bf16	NN	2233	48	17920	9
fp16_fp16	NN	2333	80	17920	3
fp16_fp16	NN	2433	64	25600	1
bf16_bf16	NN	2533	32	22016	10
bf16_bf16	NN	2633	48	24576	11
fp16_fp16	NN	2733	80	26112	4
fp16_fp16	NN	2833	64	26624	2
bf16_bf16	NN	2933	96	15872	12
fp16_fp16	NN	3033	32	21504	1
bf16_bf16	NN	3133	112	16384	12
fp16_fp16	NN	3233	16	23040	1
bf16_bf16	NN	3333	112	25088	13
bf16_bf16	NN	3433	64	25600	10
fp16_fp16	NN	3533	96	21504	4
fp16_fp16	NN	3633	48	25600	1
bf16_bf16	NN	3733	96	15360	12
fp16_fp16	NN	3833	16	27136	2
bf16_bf16	NN	3933	80	22016	13
fp16_fp16	NN	4033	112	17408	3
fp16_fp16	NN	534	256	18432	6
bf16_bf16	NN	634	256	16384	15
bf16_bf16	NN	734	192	23040	16
fp16_fp16	NN	834	192	22528	7
bf16_bf16	NN	934	192	24576	17
bf16_bf16	NN	1034	192	23552	16
fp16_fp16	NN	1134	192	20992	7
bf16_bf16	NN	1234	16	24064	11
fp16_fp16	NN	1334	48	25600	2
fp16_fp16	NN	1434	32	23552	2
bf16_bf16	NN	1534	80	20480	13
bf16_bf16	NN	1634	96	24064	13
fp16_fp16	NN	1734	16	15360	0
bf16_bf16	NN	1834	80	17408	12
fp16_fp16	NN	1934	112	17920	3
bf16_bf16	NN	2034	32	26624	11
fp16_fp16	NN	2134	112	19968	4
bf16_bf16	NN	2234	48	15872	9
fp16_fp16	NN	2334	96	22016	4
bf16_bf16	NN	2434	64	25600	10
fp16_fp16	NN	2534	80	25088	5
bf16_bf16	NN	2634	96	24576	13
fp16_fp16	NN	2734	64	19456	1
bf16_bf16	NN	2834	16	22528	10
fp16_fp16	NN	2934	64	16896	0
bf16_bf16	NN	3034	32	19968	11
fp16_fp16	NN	3134	48	15872	0
fp16_fp16	NN	3234	32	16384	0
bf16_bf16	NN	3334	16	26112	11
bf16_bf16	NN	3434	96	17408	12
fp16_fp16	NN	3534	96	18944	4
bf16_bf16	NN	3634	32	20480	10
fp16_fp16	NN	3734	112	15360	3
fp16_fp16	NN	3834	80	24064	4
bf16_bf16	NN	3934	48	23040	11
fp16_fp16	NN	4034	80	18944	4
bf16_bf16	NN	535	256	17920	15
fp16_fp16	NN	635	256	18944	7
bf16_bf16	NN	735	192	18432	16
bf16_bf16	NN	835	192	23552	15
fp16_fp16	NN	935	192	20480	7
bf16_bf16	NN	1035	192	20992	16
fp16_fp16	NN	1135	192	27136	7
fp16_fp16	NN	1235	128	19456	4
bf16_bf16	NN	1335	16	26624	11
fp16_fp16	NN	1435	64	22016	1
bf16_bf16	NN	1535	64	24576	10
fp16_fp16	NN	1635	112	22528	4
bf16_bf16	NN	1735	32	20480	10
fp16_fp16	NN	1835	48	19968	1
bf16_bf16	NN	1935	80	23040	13
bf16_bf16	NN	2035	48	26112	11
fp16_fp16	NN	2135	64	26624	1
bf16_bf16	NN	2235	32	25088	10
fp16_fp16	NN	2335	16	25088	1
fp16_fp16	NN	2435	96	27136	4
bf16_bf16	NN	2535	112	21504	13
fp16_fp16	NN	2635	16	17920	0
bf16_bf16	NN	2735	80	16384	12
fp16_fp16	NN	2835	96	18432	3
bf16_bf16	NN	2935	48	17408	9
bf16_bf16	NN	3035	64	16896	9
fp16_fp16	NN	3135	112	24064	4
fp16_fp16	NN	3235	48	15872	0
bf16_bf16	NN	3335	112	22528	13
bf16_bf16	NN	3435	32	20480	10
fp16_fp16	NN	3535	96	18944	4
bf16_bf16	NN	3635	80	18432	12
fp16_fp16	NN	3735	96	20992	4
fp16_fp16	NN	3835	80	15360	3
bf16_bf16	NN	3935	64	17408	9
bf16_bf16	NN	4035	16	19968	10
bf16_bf16	NN	536	256	18432	15
fp16_fp16	NN	636	256	24064	7
fp16_fp16	NN	736	192	15872	6
fp16_fp16	NN	836	192	26624	6
bf16_bf16	NN	936	192	16896	16
fp16_fp16	NN	1036	192	25088	7
bf16_bf16	NN	1136	192	23040	16
bf16_bf16	NN	1236	128	24576	14
fp16_fp16	NN	1336	16	24576	1
bf16_bf16	NN	1436	32	27136	10
fp16_fp16	NN	1536	112	15104	3
fp16_fp16	NN	1636	48	25600	1
bf16_bf16	NN	1736	32	19968	10
bf16_bf16	NN	1836	64	25600	10
fp16_fp16	NN	1936	64	21504	2
fp16_fp16	NN	2036	112	23552	4
bf16_bf16	NN	2136	96	16384	12
fp16_fp16	NN	2236	32	15360	0
bf16_bf16	NN	2336	16	22016	11
fp16_fp16	NN	2436	96	20992	4
bf16_bf16	NN	2536	112	27136	14
bf16_bf16	NN	2636	64	26112	11
fp16_fp16	NN	2736	48	21504	1
fp16_fp16	NN	2836	16	21504	1
bf16_bf16	NN	2936	80	24576	13
fp16_fp16	NN	3036	80	26112	5
bf16_bf16	NN	3136	48	19456	9
fp16_fp16	NN	3236	32	19456	1
bf16_bf16	NN	3336	80	22528	13
fp16_fp16	NN	3436	16	17920	0
bf16_bf16	NN	3536	64	23552	10
fp16_fp16	NN	3636	112	16384	3
bf16_bf16	NN	3736	32	24064	10
bf16_bf16	NN	3836	96	15360	12
fp16_fp16	NN	3936	16	16896	1
fp16_fp16	NN	4036	112	23552	4
bf16_bf16	NN	137	640	15104	15
bf16_bf16	NN	537	256	17408	15
fp16_fp16	NN	637	256	15360	6
fp16_fp16	NN	737	192	26624	6
bf16_bf16	NN	837	192	19456	16
fp16_fp16	NN	937	192	23040	7
bf16_bf16	NN	1037	192	21504	16
fp16_fp16	NN	1137	192	25088	7
bf16_bf16	NN	1237	96	20480	13
fp16_fp16	NN	1337	48	23040	1
bf16_bf16	NN	1437	80	18432	12
fp16_fp16	NN	1537	32	20992	1
bf16_bf16	NN	1637	64	25600	10
bf16_bf16	NN	1737	96	22016	13
fp16_fp16	NN	1837	64	18944	1
fp16_fp16	NN	1937	48	20480	1
bf16_bf16	NN	2037	48	17920	9
bf16_bf16	NN	2137	112	27136	13
fp16_fp16	NN	2237	80	25600	4
bf16_bf16	NN	2337	32	16384	9
fp16_fp16	NN	2437	48	15872	0
fp16_fp16	NN	2537	96	26112	4
bf16_bf16	NN	2637	64	27136	11
fp16_fp16	NN	2737	16	24064	2
bf16_bf16	NN	2837	16	17920	9
fp16_fp16	NN	2937	80	23552	4
bf16_bf16	NN	3037	80	19968	13
bf16_bf16	NN	3137	32	26624	11
fp16_fp16	NN	3237	80	18944	3
fp16_fp16	NN	3337	16	25088	1
bf16_bf16	NN	3437	96	22016	14
bf16_bf16	NN	3537	112	18944	13
fp16_fp16	NN	3637	112	19968	5
bf16_bf16	NN	3737	32	17408	9
fp16_fp16	NN	3837	64	21504	1
bf16_bf16	NN	3937	96	22528	13
fp16_fp16	NN	4037	64	16896	0
fp16_fp16	NN	538	256	18944	7
fp16_fp16	NN	638	256	21504	7
bf16_bf16	NN	738	192	26112	16
bf16_bf16	NN	838	192	20480	16
bf16_bf16	NN	938	192	16384	15
fp16_fp16	NN	1038	192	16896	6
bf16_bf16	NN	1138	192	15872	15
bf16_bf16	NN	1238	128	17920	12
fp16_fp16	NN	1338	64	19456	1
fp16_fp16	NN	1438	16	23552	1
bf16_bf16	NN	1538	112	24576	13
fp16_fp16	NN	1638	48	16896	0
fp16_fp16	NN	1738	48	24064	2
bf16_bf16	NN	1838	32	17408	9
fp16_fp16	NN	1938	112	15360	3
bf16_bf16	NN	2038	96	22528	13
fp16_fp16	NN	2138	80	23040	4
bf16_bf16	NN	2238	112	20992	13
fp16_fp16	NN	2338	48	27136	1
bf16_bf16	NN	2438	96	24576	12
fp16_fp16	NN	2538	32	18432	0
bf16_bf16	NN	2638	48	17408	9
fp16_fp16	NN	2738	64	23040	1
bf16_bf16	NN	2838	80	23552	13
fp16_fp16	NN	2938	32	19456	1
bf16_bf16	NN	3038	16	19456	10
fp16_fp16	NN	3138	48	15872	0
bf16_bf16	NN	3238	16	26112	11
fp16_fp16	NN	3338	80	20992	4
bf16_bf16	NN	3438	16	24064	11
bf16_bf16	NN	3538	80	26624	13
fp16_fp16	NN	3638	112	26112	4
bf16_bf16	NN	3738	32	22528	11
fp16_fp16	NN	3838	48	22016	1
fp16_fp16	NN	3938	64	22016	1
bf16_bf16	NN	4038	112	19968	13
bf16_bf16	NN	539	256	25088	17
fp16_fp16	NN	639	256	15872	6
bf16_bf16	NN	739	192	25088	16
fp16_fp16	NN	839	192	24064	7
bf16_bf16	NN	939	192	20480	16
fp16_fp16	NN	1039	192	27136	7
bf16_bf16	NN	1139	192	16384	15
bf16_bf16	NN	1239	128	25600	14
fp16_fp16	NN	1339	16	18944	1
fp16_fp16	NN	1439	96	25600	4
bf16_bf16	NN	1539	80	26624	13
fp16_fp16	NN	1639	96	15360	3
bf16_bf16	NN	1739	64	19968	10
fp16_fp16	NN	1839	32	20480	1
bf16_bf16	NN	1939	32	22528	10
fp16_fp16	NN	2039	48	22016	1
bf16_bf16	NN	2139	96	17408	12
fp16_fp16	NN	2239	16	18432	0
fp16_fp16	NN	2339	80	20992	4
bf16_bf16	NN	2439	64	16384	9
fp16_fp16	NN	2539	112	19968	4
bf16_bf16	NN	2639	32	26624	11
bf16_bf16	NN	2739	16	16896	9
fp16_fp16	NN	2839	48	25088	1
fp16_fp16	NN	2939	112	17920	3
bf16_bf16	NN	3039	96	24576	13
fp16_fp16	NN	3139	64	18944	1
bf16_bf16	NN	3239	96	24576	13
bf16_bf16	NN	3339	80	22016	13
fp16_fp16	NN	3439	112	17920	3
fp16_fp16	NN	3539	48	15872	0
bf16_bf16	NN	3639	64	15360	9
bf16_bf16	NN	3739	32	21504	11
fp16_fp16	NN	3839	80	15360	3
fp16_fp16	NN	3939	16	20992	1
bf16_bf16	NN	4039	32	20480	10
bf16_bf16	NN	540	256	18432	15
fp16_fp16	NN	640	192	15104	6
bf16_bf16	NN	740	192	25600	16
fp16_fp16	NN	840	192	26624	7
bf16_bf16	NN	940	192	25088	16
fp16_fp16	NN	1040	192	20480	7
bf16_bf16	NN	1140	192	21504	17
fp16_fp16	NN	1240	112	17920	3
bf16_bf16	NN	1340	96	24576	14
fp16_fp16	NN	1440	16	16896	0
fp16_fp16	NN	1540	48	24064	2
bf16_bf16	NN	1640	48	23552	11
fp16_fp16	NN	1740	80	23040	4
bf16_bf16	NN	1840	96	17408	12
fp16_fp16	NN	1940	32	22528	1
bf16_bf16	NN	2040	80	27136	13
bf16_bf16	NN	2140	112	16384	12
fp16_fp16	NN	2240	64	17408	0
bf16_bf16	NN	2340	16	23040	11
fp16_fp16	NN	2440	64	22528	2
bf16_bf16	NN	2540	64	19456	10
fp16_fp16	NN	2640	96	15872	3
fp16_fp16	NN	2740	80	26112	4
bf16_bf16	NN	2840	96	18432	13
fp16_fp16	NN	2940	48	19968	1
bf16_bf16	NN	3040	32	23552	11
bf16_bf16	NN	3140	112	15360	12
fp16_fp16	NN	3240	64	26624	1
bf16_bf16	NN	3340	16	25088	10
fp16_fp16	NN	3440	16	19456	1
bf16_bf16	NN	3540	80	20992	13
fp16_fp16	NN	3640	32	16896	0
bf16_bf16	NN	3740	112	26112	13
fp16_fp16	NN	3840	48	24064	2
fp16_fp16	NN	3940	96	27136	4
bf16_bf16	NN	4040	16	23040	10
fp16_fp16	NN	541	256	16384	6
bf16_bf16	NN	641	192	23552	15
fp16_fp16	NN	741	192	24576	7
bf16_bf16	NN	841	192	18432	15
fp16_fp16	NN	941	192	15872	6
bf16_bf16	NN	1041	192	22016	16
bf16_bf16	NN	1141	192	20480	16
bf16_bf16	NN	1241	128	17408	13
fp16_fp16	NN	1341	96	19968	4
fp16_fp16	NN	1441	112	21504	4
fp16_fp16	NN	1541	32	22528	1
bf16_bf16	NN	1641	112	27136	13
bf16_bf16	NN	1741	48	18944	10
fp16_fp16	NN	1841	48	16384	0
bf16_bf16	NN	1941	16	25600	10
fp16_fp16	NN	2041	80	27136	5
bf16_bf16	NN	2141	112	20992	13
fp16_fp16	NN	2241	64	17920	0
fp16_fp16	NN	2341	16	25600	2
bf16_bf16	NN	2441	32	18432	10
fp16_fp16	NN	2541	80	26624	4
bf16_bf16	NN	2641	48	18944	10
bf16_bf16	NN	2741	64	17408	10
fp16_fp16	NN	2841	32	16896	0
bf16_bf16	NN	2941	64	15360	9
fp16_fp16	NN	3041	16	23040	1
fp16_fp16	NN	3141	112	17920	4
bf16_bf16	NN	3241	64	19968	10
bf16_bf16	NN	3341	80	24576	13
fp16_fp16	NN	3441	32	15872	0
bf16_bf16	NN	3541	96	18944	13
fp16_fp16	NN	3641	96	15360	3
fp16_fp16	NN	3741	112	26112	5
bf16_bf16	NN	3841	48	16896	9
bf16_bf16	NN	3941	64	25600	10
fp16_fp16	NN	4041	80	25088	4
bf16_bf16	NN	542	256	19456	16
fp16_fp16	NN	642	192	25088	7
bf16_bf16	NN	742	192	21504	16
fp16_fp16	NN	842	192	23552	7
fp16_fp16	NN	942	192	24064	6
bf16_bf16	NN	1042	192	20992	15
fp16_fp16	NN	1142	192	15872	6
fp16_fp16	NN	1242	128	21504	5
bf16_bf16	NN	1342	32	22528	10
bf16_bf16	NN	1442	64	20992	10
bf16_bf16	NN	1542	96	18432	12
fp16_fp16	NN	1642	16	25088	1
bf16_bf16	NN	1742	48	20480	10
fp16_fp16	NN	1842	112	19968	4
fp16_fp16	NN	1942	48	26112	2
bf16_bf16	NN	2042	96	19456	13
fp16_fp16	NN	2142	16	16896	0
bf16_bf16	NN	2242	64	25600	11
bf16_bf16	NN	2342	80	18432	12
fp16_fp16	NN	2442	112	27136	5
bf16_bf16	NN	2542	32	24064	10
fp16_fp16	NN	2642	96	17920	3
bf16_bf16	NN	2742	96	22016	13
fp16_fp16	NN	2842	48	15872	0
bf16_bf16	NN	2942	64	19456	10
fp16_fp16	NN	3042	32	17920	0
bf16_bf16	NN	3142	80	23552	13
fp16_fp16	NN	3242	32	23040	2
fp16_fp16	NN	3342	16	21504	2
bf16_bf16	NN	3442	112	26112	13
bf16_bf16	NN	3542	16	24576	10
fp16_fp16	NN	3642	48	15360	0
bf16_bf16	NN	3742	80	16384	12
fp16_fp16	NN	3842	80	18944	4
bf16_bf16	NN	3942	112	19968	14
fp16_fp16	NN	4042	48	24064	2
bf16_bf16	NN	543	256	22528	17
fp16_fp16	NN	643	192	19968	7
fp16_fp16	NN	743	192	27136	7
bf16_bf16	NN	843	192	22016	16
fp16_fp16	NN	943	192	20480	7
bf16_bf16	NN	1043	192	22528	17
bf16_bf16	NN	1143	192	24576	16
fp16_fp16	NN	1243	64	17408	0
fp16_fp16	NN	1343	96	23552	4
bf16_bf16	NN	1443	112	23040	13
fp16_fp16	NN	1543	16	20992	1
bf16_bf16	NN	1643	96	22016	13
fp16_fp16	NN	1743	32	18432	0
bf16_bf16	NN	1843	64	19456	10
fp16_fp16	NN	1943	80	18944	4
bf16_bf16	NN	2043	16	26624	10
fp16_fp16	NN	2143	32	21504	1
bf16_bf16	NN	2243	16	23040	10
fp16_fp16	NN	2343	48	24064	2
bf16_bf16	NN	2443	80	26624	13
fp16_fp16	NN	2543	32	15872	0
bf16_bf16	NN	2643	96	24576	14
bf16_bf16	NN	2743	64	16384	9
fp16_fp16	NN	2843	112	22016	5
bf16_bf16	NN	2943	32	25088	10
fp16_fp16	NN	3043	48	20480	1
bf16_bf16	NN	3143	48	17408	9
fp16_fp16	NN	3243	80	27136	5
bf16_bf16	NN	3343	64	25600	10
fp16_fp16	NN	3443	16	26112	1
bf16_bf16	NN	3543	112	17920	12
fp16_fp16	NN	3643	48	16896	0
bf16_bf16	NN	3743	112	26112	12
fp16_fp16	NN	3843	96	18944	4
bf16_bf16	NN	3943	80	20992	13
fp16_fp16	NN	4043	64	25600	1
bf16_bf16	NN	544	256	22016	16
fp16_fp16	NN	644	192	26624	6
bf16_bf16	NN	744	192	16384	16
fp16_fp16	NN	844	192	16384	6
bf16_bf16	NN	944	192	15360	15
fp16_fp16	NN	1044	192	16896	6
bf16_bf16	NN	1144	192	25088	16
fp16_fp16	NN	1244	96	27136	4
bf16_bf16	NN	1344	112	22528	13
fp16_fp16	NN	1444	48	20480	1
bf16_bf16	NN	1544	64	15872	9
fp16_fp16	NN	1644	32	24064	2
fp16_fp16	NN	1744	16	18944	1
bf16_bf16	NN	1844	80	25600	13
bf16_bf16	NN	1944	96	19968	13
fp16_fp16	NN	2044	64	19456	2
bf16_bf16	NN	2144	16	24576	11
fp16_fp16	NN	2244	16	23040	2
fp16_fp16	NN	2344	112	23552	4
bf16_bf16	NN	2444	32	22528	10
bf16_bf16	NN	2544	48	23552	11
fp16_fp16	NN	2644	96	17408	3
fp16_fp16	NN	2744	80	18432	3
bf16_bf16	NN	2844	32	24576	10
bf16_bf16	NN	2944	80	21504	14
fp16_fp16	NN	3044	48	15360	0
bf16_bf16	NN	3144	16	26112	10
fp16_fp16	NN	3244	64	27136	2
fp16_fp16	NN	3344	96	16384	3
bf16_bf16	NN	3444	112	16896	12
fp16_fp16	NN	3544	96	17920	3
bf16_bf16	NN	3644	32	17408	9
bf16_bf16	NN	3744	80	20992	13
fp16_fp16	NN	3844	48	15872	0
fp16_fp16	NN	3944	112	19456	4
bf16_bf16	NN	4044	64	24064	10
bf16_bf16	NN	545	256	15360	15
fp16_fp16	NN	645	192	19456	7
bf16_bf16	NN	745	192	26624	16
fp16_fp16	NN	845	192	25088	7
fp16_fp16	NN	945	192	23552	6
bf16_bf16	NN	1045	192	19968	16
fp16_fp16	NN	1145	192	15872	6
bf16_bf16	NN	1245	128	18944	13
fp16_fp16	NN	1345	48	23040	1
bf16_bf16	NN	1445	64	25600	11
bf16_bf16	NN	1545	16	20480	10
fp16_fp16	NN	1645	32	16384	0
bf16_bf16	NN	1745	32	21504	10
fp16_fp16	NN	1845	96	18432	3
bf16_bf16	NN	1945	96	20992	13
fp16_fp16	NN	2045	16	21504	2
bf16_bf16	NN	2145	112	26112	13
fp16_fp16	NN	2245	112	24576	4
bf16_bf16	NN	2345	80	22528	13
fp16_fp16	NN	2445	48	17920	0
bf16_bf16	NN	2545	16	20480	10
fp16_fp16	NN	2645	64	26112	2
bf16_bf16	NN	2745	32	18944	10
fp16_fp16	NN	2845	16	22016	2
bf16_bf16	NN	2945	80	15360	12
fp16_fp16	NN	3045	80	18432	3
bf16_bf16	NN	3145	80	26624	14
fp16_fp16	NN	3245	96	23040	4
fp16_fp16	NN	3345	112	19968	5
bf16_bf16	NN	3445	32	21504	10
fp16_fp16	NN	3545	48	24064	2
bf16_bf16	NN	3645	64	23552	11
fp16_fp16	NN	3745	32	25088	1
bf16_bf16	NN	3845	112	22528	13
fp16_fp16	NN	3945	48	20480	1
bf16_bf16	NN	4045	96	16896	12
fp16_fp16	NN	546	256	18432	6
bf16_bf16	NN	646	192	25088	16
bf16_bf16	NN	746	192	27136	15
fp16_fp16	NN	846	192	25088	6
bf16_bf16	NN	946	192	26624	17
fp16_fp16	NN	1046	192	18944	6
bf16_bf16	NN	1146	192	15872	15
fp16_fp16	NN	1246	128	17920	3
bf16_bf16	NN	1346	16	20992	10
fp16_fp16	NN	1446	64	26112	2
bf16_bf16	NN	1546	48	24064	10
fp16_fp16	NN	1646	80	15360	3
fp16_fp16	NN	1746	96	16384	3
bf16_bf16	NN	1846	64	23552	10
fp16_fp16	NN	1946	112	17408	3
bf16_bf16	NN	2046	16	27136	10
fp16_fp16	NN	2146	32	22528	1
bf16_bf16	NN	2246	32	24576	10
bf16_bf16	NN	2346	112	25600	13
fp16_fp16	NN	2446	16	17920	0
fp16_fp16	NN	2546	80	22016	4
bf16_bf16	NN	2646	96	23040	13
fp16_fp16	NN	2746	32	19456	1
bf16_bf16	NN	2846	80	19968	13
fp16_fp16	NN	2946	64	22016	2
bf16_bf16	NN	3046	48	20992	11
bf16_bf16	NN	3146	48	16896	9
fp16_fp16	NN	3246	96	26624	4
bf16_bf16	NN	3346	64	17408	9
fp16_fp16	NN	3446	112	19968	5
fp16_fp16	NN	3546	16	23040	2
bf16_bf16	NN	3646	80	18432	12
bf16_bf16	NN	3746	48	16896	9
fp16_fp16	NN	3846	32	16384	0
bf16_bf16	NN	3946	112	17408	12
fp16_fp16	NN	4046	96	22528	5
bf16_bf16	NN	547	256	15360	15
fp16_fp16	NN	647	192	27136	6
bf16_bf16	NN	747	192	20480	16
fp16_fp16	NN	847	192	25088	7
bf16_bf16	NN	947	192	26112	15
fp16_fp16	NN	1047	192	15872	6
bf16_bf16	NN	1147	192	23552	16
fp16_fp16	NN	1247	128	20480	4
bf16_bf16	NN	1347	112	20992	13
fp16_fp16	NN	1447	64	17920	0
bf16_bf16	NN	1547	48	22016	10
fp16_fp16	NN	1647	16	23040	1
bf16_bf16	NN	1747	64	19456	10
fp16_fp16	NN	1847	16	17920	0
bf16_bf16	NN	1947	96	17408	12
fp16_fp16	NN	2047	32	18432	0
fp16_fp16	NN	2147	80	20992	5
bf16_bf16	NN	2247	48	21504	10
bf16_bf16	NN	2347	32	26624	11
fp16_fp16	NN	2447	112	19968	4
bf16_bf16	NN	2547	64	25600	11
fp16_fp16	NN	2647	16	26624	1
bf16_bf16	NN	2747	32	21504	10
fp16_fp16	NN	2847	80	15872	3
bf16_bf16	NN	2947	96	24576	14
fp16_fp16	NN	3047	112	24064	4
fp16_fp16	NN	3147	16	16896	1
bf16_bf16	NN	3247	80	24576	13
bf16_bf16	NN	3347	64	27136	11
fp16_fp16	NN	3447	48	15872	0
fp16_fp16	NN	3547	112	26112	4
bf16_bf16	NN	3647	48	18944	10
bf16_bf16	NN	3747	96	18432	12
fp16_fp16	NN	3847	96	17408	3
bf16_bf16	NN	3947	80	23552	13
fp16_fp16	NN	4047	80	18944	4
fp16_fp16	NN	548	256	15360	6
bf16_bf16	NN	648	192	22016	16
bf16_bf16	NN	748	192	20480	16
fp16_fp16	NN	848	192	25600	7
fp16_fp16	NN	948	192	16384	6
bf16_bf16	NN	1048	192	26624	17
fp16_fp16	NN	1148	192	24064	7
bf16_bf16	NN	1248	128	23552	13
fp16_fp16	NN	1348	16	16896	1
bf16_bf16	NN	1448	32	16384	10
fp16_fp16	NN	1548	96	25600	4
bf16_bf16	NN	1648	64	15360	9
fp16_fp16	NN	1748	112	24576	4
bf16_bf16	NN	1848	16	20992	10
fp16_fp16	NN	1948	64	26112	2
bf16_bf16	NN	2048	48	15104	9
bf16_bf16	NN	2148	32	24064	11
fp16_fp16	NN	2248	48	19968	1
bf16_bf16	NN	2348	64	19456	10
fp16_fp16	NN	2448	16	25088	2
fp16_fp16	NN	2548	32	27136	2
bf16_bf16	NN	2648	80	25600	14
fp16_fp16	NN	2748	112	17920	4
bf16_bf16	NN	2848	112	22016	13
bf16_bf16	NN	2948	32	21504	10
fp16_fp16	NN	3048	80	23040	5
bf16_bf16	NN	3148	96	22528	13
fp16_fp16	NN	3248	96	18432	3
fp16_fp16	NN	3348	16	17920	0
bf16_bf16	NN	3448	48	19968	10
fp16_fp16	NN	3548	64	23040	1
bf16_bf16	NN	3648	64	19456	10
bf16_bf16	NN	3748	112	22528	13
fp16_fp16	NN	3848	16	15360	0
fp16_fp16	NN	3948	48	18944	1
bf16_bf16	NN	4048	96	25600	13
fp16_fp16	NN	549	256	20992	7
bf16_bf16	NN	649	192	23552	15
fp16_fp16	NN	749	192	24064	7
bf16_bf16	NN	849	192	18432	15
bf16_bf16	NN	949	192	24576	16
fp16_fp16	NN	1049	192	19456	7
bf16_bf16	NN	1149	192	17408	16
fp16_fp16	NN	1249	128	16384	3
bf16_bf16	NN	1349	16	16896	9
fp16_fp16	NN	1449	80	27136	5
fp16_fp16	NN	1549	32	16896	0
bf16_bf16	NN	1649	112	26624	13
bf16_bf16	NN	1749	96	18944	13
fp16_fp16	NN	1849	48	15872	0
fp16_fp16	NN	1949	80	17408	3
bf16_bf16	NN	2049	64	15104	9
bf16_bf16	NN	2149	16	21504	10
fp16_fp16	NN	2249	32	16384	0
bf16_bf16	NN	2349	80	25088	13
fp16_fp16	NN	2449	112	15360	3
fp16_fp16	NN	2549	64	26112	2
bf16_bf16	NN	2649	96	25088	13
bf16_bf16	NN	2749	32	26624	10
fp16_fp16	NN	2849	48	22016	1
bf16_bf16	NN	2949	48	20480	10
fp16_fp16	NN	3049	96	22528	5
bf16_bf16	NN	3149	16	17920	9
fp16_fp16	NN	3249	80	20992	5
fp16_fp16	NN	3349	32	22016	1
bf16_bf16	NN	3449	112	27136	14
fp16_fp16	NN	3549	112	19968	4
bf16_bf16	NN	3649	32	20480	10
bf16_bf16	NN	3749	64	25600	11
fp16_fp16	NN	3849	64	24576	1
bf16_bf16	NN	3949	96	18432	12
fp16_fp16	NN	4049	48	22528	1
fp16_fp16	NN	550	256	20992	6
bf16_bf16	NN	650	192	24576	17
bf16_bf16	NN	750	192	16896	15
fp16_fp16	NN	850	192	24064	7
bf16_bf16	NN	950	192	24064	15
fp16_fp16	NN	1050	192	18944	7
bf16_bf16	NN	1150	192	26624	16
fp16_fp16	NN	1250	128	15360	3
fp16_fp16	NN	1350	80	22528	4
bf16_bf16	NN	1450	64	15872	9
fp16_fp16	NN	1550	16	27136	2
bf16_bf16	NN	1650	64	19456	10
fp16_fp16	NN	1750	32	23552	1
bf16_bf16	NN	1850	96	17408	12
bf16_bf16	NN	1950	96	21504	13
fp16_fp16	NN	2050	48	26112	1
fp16_fp16	NN	2150	80	25088	5
bf16_bf16	NN	2250	80	26112	14
fp16_fp16	NN	2350	16	25088	1
bf16_bf16	NN	2450	80	22016	13
bf16_bf16	NN	2550	112	17408	12
fp16_fp16	NN	2650	48	15872	0
fp16_fp16	NN	2750	16	19968	2
bf16_bf16	NN	2850	32	16384	10
bf16_bf16	NN	2950	16	21504	11
fp16_fp16	NN	3050	64	19456	1
bf16_bf16	NN	3150	112	20480	13
fp16_fp16	NN	3250	112	16384	3
bf16_bf16	NN	3350	32	25600	10
fp16_fp16	NN	3450	48	17920	0
bf16_bf16	NN	3550	48	23040	11
fp16_fp16	NN	3650	80	18944	4
bf16_bf16	NN	3750	96	18432	13
fp16_fp16	NN	3850	96	27136	5
fp16_fp16	NN	3950	16	23040	1
bf16_bf16	NN	4050	64	23552	10
bf16_bf16	NN	551	256	22528	16
fp16_fp16	NN	651	192	20480	6
fp16_fp16	NN	751	192	18944	6
bf16_bf16	NN	851	192	15872	15
bf16_bf16	NN	951	192	24064	17
fp16_fp16	NN	1051	192	15360	6
bf16_bf16	NN	1151	192	16896	15
fp16_fp16	NN	1251	32	22016	2
bf16_bf16	NN	1351	64	23040	11
fp16_fp16	NN	1451	48	19968	0
bf16_bf16	NN	1551	96	20992	13
fp16_fp16	NN	1651	112	21504	4
fp16_fp16	NN	1751	112	17920	3
bf16_bf16	NN	1851	96	18432	13
bf16_bf16	NN	1951	32	24576	11
fp16_fp16	NN	2051	80	17920	3
bf16_bf16	NN	2151	64	23552	11
fp16_fp16	NN	2251	32	19456	1
fp16_fp16	NN	2351	80	23040	4
bf16_bf16	NN	2451	16	16896	9
fp16_fp16	NN	2551	16	26112	1
bf16_bf16	NN	2651	48	17408	9
bf16_bf16	NN	2751	112	27136	13
fp16_fp16	NN	2851	112	25600	4
bf16_bf16	NN	2951	16	25088	10
fp16_fp16	NN	3051	48	19456	1
bf16_bf16	NN	3151	96	26624	14
fp16_fp16	NN	3251	32	24064	1
fp16_fp16	NN	3351	64	15360	0
bf16_bf16	NN	3451	80	19968	13
bf16_bf16	NN	3551	96	16384	12
fp16_fp16	NN	3651	16	26112	2
fp16_fp16	NN	3751	80	22016	4
bf16_bf16	NN	3851	112	21504	13
bf16_bf16	NN	3951	48	20480	10
fp16_fp16	NN	4051	64	22016	1
bf16_bf16	NN	552	192	16896	16
fp16_fp16	NN	652	192	24064	7
bf16_bf16	NN	752	192	18944	16
fp16_fp16	NN	852	192	25088	7
bf16_bf16	NN	952	192	15872	15
fp16_fp16	NN	1052	192	19456	7
bf16_bf16	NN	1152	192	25600	16
fp16_fp16	NN	1252	128	17920	3
fp16_fp16	NN	1352	96	22528	4
bf16_bf16	NN	1452	32	27136	10
bf16_bf16	NN	1552	112	16384	12
fp16_fp16	NN	1652	80	26624	4
fp16_fp16	NN	1752	16	20992	2
bf16_bf16	NN	1852	48	15872	9
bf16_bf16	NN	1952	64	17408	9
fp16_fp16	NN	2052	96	18432	4
bf16_bf16	NN	2152	80	25600	14
fp16_fp16	NN	2252	32	24576	1
bf16_bf16	NN	2352	32	22528	11
fp16_fp16	NN	2452	64	22016	1
bf16_bf16	NN	2552	112	15360	12
fp16_fp16	NN	2652	80	20992	4
bf16_bf16	NN	2752	48	26624	10
fp16_fp16	NN	2852	112	19968	4
bf16_bf16	NN	2952	32	21504	10
fp16_fp16	NN	3052	64	23552	1
bf16_bf16	NN	3152	16	24576	10
fp16_fp16	NN	3252	96	23552	4
bf16_bf16	NN	3352	16	15872	9
fp16_fp16	NN	3452	96	18944	4
bf16_bf16	NN	3552	48	20992	10
fp16_fp16	NN	3652	16	16896	1
fp16_fp16	NN	3752	32	18432	0
bf16_bf16	NN	3852	64	16384	9
bf16_bf16	NN	3952	80	22528	13
fp16_fp16	NN	4052	112	17408	3
bf16_bf16	NN	553	256	26112	16
fp16_fp16	NN	653	192	26112	7
fp16_fp16	NN	753	192	15360	6
bf16_bf16	NN	853	192	25600	16
fp16_fp16	NN	953	192	23040	6
bf16_bf16	NN	1053	192	17408	15
bf16_bf16	NN	1153	128	21504	14
bf16_bf16	NN	1253	128	19456	13
fp16_fp16	NN	1353	48	18944	1
fp16_fp16	NN	1453	80	25088	4
bf16_bf16	NN	1553	112	24576	13
fp16_fp16	NN	1653	32	16384	0
bf16_bf16	NN	1753	64	23552	10
fp16_fp16	NN	1853	16	16896	0
fp16_fp16	NN	1953	96	25088	4
bf16_bf16	NN	2053	16	26624	10
fp16_fp16	NN	2153	112	20480	4
bf16_bf16	NN	2253	48	17408	10
fp16_fp16	NN	2353	80	25600	3
bf16_bf16	NN	2453	32	20480	10
bf16_bf16	NN	2553	48	23040	11
fp16_fp16	NN	2653	96	20992	4
bf16_bf16	NN	2753	64	19456	10
fp16_fp16	NN	2853	80	17920	3
bf16_bf16	NN	2953	96	18432	13
fp16_fp16	NN	3053	48	24576	1
fp16_fp16	NN	3153	112	23552	5
bf16_bf16	NN	3253	112	26112	13
bf16_bf16	NN	3353	64	24064	11
fp16_fp16	NN	3453	16	27136	1
bf16_bf16	NN	3553	64	19968	10
fp16_fp16	NN	3653	48	26624	1
bf16_bf16	NN	3753	64	15872	9
fp16_fp16	NN	3853	96	25600	5
fp16_fp16	NN	3953	80	24064	4
bf16_bf16	NN	4053	16	18944	10
bf16_bf16	NN	554	256	21504	17
fp16_fp16	NN	654	192	17920	6
bf16_bf16	NN	754	192	27136	16
fp16_fp16	NN	854	192	19968	7
fp16_fp16	NN	954	192	23040	7
bf16_bf16	NN	1054	192	23552	15
bf16_bf16	NN	1154	128	22528	13
fp16_fp16	NN	1254	128	20480	5
bf16_bf16	NN	1354	32	18432	9
fp16_fp16	NN	1454	32	22016	1
bf16_bf16	NN	1554	96	22016	13
fp16_fp16	NN	1654	80	23040	4
bf16_bf16	NN	1754	16	15360	9
fp16_fp16	NN	1854	32	19968	1
bf16_bf16	NN	1954	48	16384	9
fp16_fp16	NN	2054	80	26624	4
fp16_fp16	NN	2154	64	15872	0
bf16_bf16	NN	2254	112	20480	13
fp16_fp16	NN	2354	112	27136	4
bf16_bf16	NN	2454	32	26112	10
bf16_bf16	NN	2554	16	24576	10
fp16_fp16	NN	2654	48	15360	0
fp16_fp16	NN	2754	32	21504	2
bf16_bf16	NN	2854	80	20992	13
fp16_fp16	NN	2954	48	17920	1
bf16_bf16	NN	3054	96	25600	13
fp16_fp16	NN	3154	112	25088	5
bf16_bf16	NN	3254	96	16384	13
fp16_fp16	NN	3354	16	23040	2
bf16_bf16	NN	3454	112	16896	12
fp16_fp16	NN	3554	32	24064	2
bf16_bf16	NN	3654	64	21504	11
fp16_fp16	NN	3754	96	17408	3
bf16_bf16	NN	3854	48	16896	9
fp16_fp16	NN	3954	16	15872	0
bf16_bf16	NN	4054	80	25600	13
bf16_bf16	NN	255	896	15104	15
fp16_fp16	NN	555	256	15360	6
bf16_bf16	NN	655	192	18432	15
fp16_fp16	NN	755	192	22016	7
bf16_bf16	NN	855	192	18944	16
fp16_fp16	NN	955	192	26112	7
bf16_bf16	NN	1055	192	24576	16
fp16_fp16	NN	1155	48	17920	1
fp16_fp16	NN	1255	128	15360	3
bf16_bf16	NN	1355	32	24064	10
fp16_fp16	NN	1455	64	15872	0
bf16_bf16	NN	1555	32	22528	11
fp16_fp16	NN	1655	96	25088	4
bf16_bf16	NN	1755	80	19456	13
fp16_fp16	NN	1855	16	16896	0
bf16_bf16	NN	1955	64	24576	10
bf16_bf16	NN	2055	112	20480	13
fp16_fp16	NN	2155	112	19968	5
bf16_bf16	NN	2255	80	17408	12
fp16_fp16	NN	2355	96	24064	4
bf16_bf16	NN	2455	64	22016	10
fp16_fp16	NN	2555	16	24064	1
bf16_bf16	NN	2655	64	19456	10
fp16_fp16	NN	2755	16	23552	1
fp16_fp16	NN	2855	80	18432	3
bf16_bf16	NN	2955	48	24064	10
fp16_fp16	NN	3055	48	19456	1
bf16_bf16	NN	3155	96	26624	13
bf16_bf16	NN	3255	32	21504	11
fp16_fp16	NN	3355	48	20992	1
fp16_fp16	NN	3455	112	19968	4
bf16_bf16	NN	3555	64	27136	9
bf16_bf16	NN	3655	32	20480	10
fp16_fp16	NN	3755	16	17920	0
bf16_bf16	NN	3855	112	25088	13
fp16_fp16	NN	3955	80	26624	4
fp16_fp16	NN	4055	80	18944	4
bf16_bf16	NN	556	256	22528	15
bf16_bf16	NN	656	192	23552	16
fp16_fp16	NN	756	192	16384	6
fp16_fp16	NN	856	192	27136	7
bf16_bf16	NN	956	192	23552	16
bf16_bf16	NN	1056	192	21504	16
bf16_bf16	NN	1156	128	23552	13
bf16_bf16	NN	1256	128	23552	13
fp16_fp16	NN	1356	64	19456	2
fp16_fp16	NN	1456	16	26112	2
fp16_fp16	NN	1556	48	17408	0
bf16_bf16	NN	1656	32	20992	10
fp16_fp16	NN	1756	112	24576	4
fp16_fp16	NN	1856	96	18432	3
bf16_bf16	NN	1956	16	22528	11
fp16_fp16	NN	2056	96	23040	4
bf16_bf16	NN	2156	112	16384	12
fp16_fp16	NN	2256	80	18944	4
bf16_bf16	NN	2356	96	18432	13
fp16_fp16	NN	2456	48	20480	1
bf16_bf16	NN	2556	112	20992	13
bf16_bf16	NN	2656	32	15360	9
fp16_fp16	NN	2756	80	23040	4
bf16_bf16	NN	2856	96	25600	13
fp16_fp16	NN	2956	48	25088	1
fp16_fp16	NN	3056	64	15872	0
bf16_bf16	NN	3156	32	19968	10
bf16_bf16	NN	3256	16	22528	10
fp16_fp16	NN	3356	96	18944	4
bf16_bf16	NN	3456	16	26624	10
fp16_fp16	NN	3556	96	17920	3
bf16_bf16	NN	3656	64	15872	9
fp16_fp16	NN	3756	112	26112	5
fp16_fp16	NN	3856	80	16896	3
bf16_bf16	NN	3956	64	19456	11
fp16_fp16	NN	4056	80	22016	4
bf16_bf16	NN	257	512	20480	16
fp16_fp16	NN	557	256	25600	7
bf16_bf16	NN	657	192	16896	15
bf16_bf16	NN	757	192	25088	16
fp16_fp16	NN	857	192	26624	6
bf16_bf16	NN	957	192	20992	16
fp16_fp16	NN	1057	192	16896	6
fp16_fp16	NN	1157	128	15872	3
bf16_bf16	NN	1257	64	17408	9
fp16_fp16	NN	1357	48	22016	1
bf16_bf16	NN	1457	32	26112	10
fp16_fp16	NN	1557	16	27136	1
bf16_bf16	NN	1657	96	24576	13
fp16_fp16	NN	1757	112	23040	4
bf16_bf16	NN	1857	32	23040	10
bf16_bf16	NN	1957	48	16384	9
fp16_fp16	NN	2057	48	17920	0
fp16_fp16	NN	2157	64	19968	1
bf16_bf16	NN	2257	80	15360	12
fp16_fp16	NN	2357	32	18432	1
bf16_bf16	NN	2457	32	24064	10
bf16_bf16	NN	2557	96	16384	13
fp16_fp16	NN	2657	112	19968	4
bf16_bf16	NN	2757	16	21504	10
fp16_fp16	NN	2857	80	25600	4
fp16_fp16	NN	2957	48	22016	1
bf16_bf16	NN	3057	64	21504	10
fp16_fp16	NN	3157	16	27136	2
bf16_bf16	NN	3257	112	25088	14
fp16_fp16	NN	3357	16	17920	0
bf16_bf16	NN	3457	96	15360	12
fp16_fp16	NN	3557	80	24576	4
bf16_bf16	NN	3657	32	26112	11
bf16_bf16	NN	3757	112	20480	13
fp16_fp16	NN	3857	112	22528	3
bf16_bf16	NN	3957	80	18944	13
fp16_fp16	NN	4057	48	22016	2
bf16_bf16	NN	558	256	17920	15
fp16_fp16	NN	658	192	22528	7
fp16_fp16	NN	758	192	20480	7
bf16_bf16	NN	858	192	19456	16
bf16_bf16	NN	958	192	16896	15
fp16_fp16	NN	1058	192	23040	7
bf16_bf16	NN	1158	128	15360	12
fp16_fp16	NN	1258	128	20992	4
fp16_fp16	NN	1358	16	27136	2
bf16_bf16	NN	1458	32	26624	11
bf16_bf16	NN	1558	96	16384	12
fp16_fp16	NN	1658	48	26112	2
bf16_bf16	NN	1758	64	25600	11
fp16_fp16	NN	1858	16	17408	0
bf16_bf16	NN	1958	96	24576	14
fp16_fp16	NN	2058	32	18944	1
fp16_fp16	NN	2158	64	17408	0
bf16_bf16	NN	2258	48	18432	9
fp16_fp16	NN	2358	32	20992	2
bf16_bf16	NN	2458	80	23040	13
fp16_fp16	NN	2558	48	15872	0
bf16_bf16	NN	2658	112	20992	12
fp16_fp16	NN	2758	64	19968	1
bf16_bf16	NN	2858	80	18432	12
bf16_bf16	NN	2958	112	25088	12
fp16_fp16	NN	3058	16	24064	2
bf16_bf16	NN	3158	64	26624	10
fp16_fp16	NN	3258	96	20480	4
bf16_bf16	NN	3358	64	19456	9
fp16_fp16	NN	3458	80	18944	4
fp16_fp16	NN	3558	48	21504	1
bf16_bf16	NN	3658	96	17408	12
fp16_fp16	NN	3758	64	15872	0
bf16_bf16	NN	3858	112	27136	13
bf16_bf16	NN	3958	32	22016	10
fp16_fp16	NN	4058	112	15360	3
bf16_bf16	NN	159	768	24576	17
fp16_fp16	NN	559	256	23040	7
bf16_bf16	NN	659	192	22528	16
fp16_fp16	NN	759	192	24064	7
fp16_fp16	NN	859	192	17920	6
bf16_bf16	NN	959	192	15872	15
fp16_fp16	NN	1059	192	16896	6
bf16_bf16	NN	1159	128	17920	12
fp16_fp16	NN	1259	128	22016	4
bf16_bf16	NN	1359	96	18432	12
bf16_bf16	NN	1459	80	18944	13
fp16_fp16	NN	1559	16	24064	1
fp16_fp16	NN	1659	16	25088	1
bf16_bf16	NN	1759	16	19456	10
bf16_bf16	NN	1859	48	17408	9
fp16_fp16	NN	1959	80	18944	4
bf16_bf16	NN	2059	64	23552	11
fp16_fp16	NN	2159	16	21504	0
bf16_bf16	NN	2259	96	22528	13
fp16_fp16	NN	2359	80	16384	3
bf16_bf16	NN	2459	32	23552	10
fp16_fp16	NN	2559	32	25088	1
bf16_bf16	NN	2659	48	16896	9
fp16_fp16	NN	2759	80	27136	5
bf16_bf16	NN	2859	96	26624	13
fp16_fp16	NN	2959	112	26112	5
bf16_bf16	NN	3059	112	20992	13
fp16_fp16	NN	3159	64	26112	2
bf16_bf16	NN	3259	48	22528	11
fp16_fp16	NN	3359	48	20480	2
fp16_fp16	NN	3459	112	19968	4
bf16_bf16	NN	3559	32	16384	9
bf16_bf16	NN	3659	64	21504	10
fp16_fp16	NN	3759	16	23040	1
fp16_fp16	NN	3859	96	24576	5
bf16_bf16	NN	3959	32	22528	10
fp16_fp16	NN	4059	32	19456	1
bf16_bf16	NN	160	1024	15104	15
fp16_fp16	NN	560	256	19968	7
bf16_bf16	NN	660	192	19456	16
fp16_fp16	NN	760	192	18944	6
bf16_bf16	NN	860	192	15872	15
fp16_fp16	NN	960	192	27136	7
bf16_bf16	NN	1060	192	20480	16
bf16_bf16	NN	1160	128	20992	13
fp16_fp16	NN	1260	128	23552	4
fp16_fp16	NN	1360	96	24576	4
bf16_bf16	NN	1460	16	26624	11
fp16_fp16	NN	1560	112	16896	3
bf16_bf16	NN	1660	64	17408	10
fp16_fp16	NN	1760	80	22016	5
bf16_bf16	NN	1860	48	15360	9
bf16_bf16	NN	1960	96	16384	13
fp16_fp16	NN	2060	112	15360	3
fp16_fp16	NN	2160	64	25600	2
bf16_bf16	NN	2260	48	24064	11
bf16_bf16	NN	2360	80	26112	13
fp16_fp16	NN	2460	16	27136	2
fp16_fp16	NN	2560	96	15104	3
bf16_bf16	NN	2660	32	26624	11
fp16_fp16	NN	2760	112	19968	4
bf16_bf16	NN	2860	64	25600	11
bf16_bf16	NN	2960	48	18432	9
fp16_fp16	NN	3060	80	25088	5
bf16_bf16	NN	3160	32	24064	10
fp16_fp16	NN	3260	112	17920	3
fp16_fp16	NN	3360	16	16896	1
bf16_bf16	NN	3460	32	25600	10
bf16_bf16	NN	3560	32	21504	11
fp16_fp16	NN	3660	48	15872	0
bf16_bf16	NN	3760	16	23552	11
fp16_fp16	NN	3860	96	18432	3
bf16_bf16	NN	3960	64	17408	9
fp16_fp16	NN	4060	112	22528	4
fp16_fp16	NN	561	256	15360	6
bf16_bf16	NN	661	192	20992	16
bf16_bf16	NN	761	192	16384	15
fp16_fp16	NN	861	192	19968	6
fp16_fp16	NN	961	192	25600	6
bf16_bf16	NN	1061	192	19456	16
fp16_fp16	NN	1161	128	26624	5
bf16_bf16	NN	1261	96	24576	14
fp16_fp16	NN	1361	80	23040	4
bf16_bf16	NN	1461	48	18432	9
fp16_fp16	NN	1561	16	16896	1
bf16_bf16	NN	1661	16	22016	11
fp16_fp16	NN	1761	80	24576	4
bf16_bf16	NN	1861	80	21504	13
fp16_fp16	NN	1961	48	20480	2
bf16_bf16	NN	2061	64	15360	9
bf16_bf16	NN	2161	96	17920	12
fp16_fp16	NN	2261	48	19456	1
bf16_bf16	NN	2361	32	20480	10
fp16_fp16	NN	2461	64	15872	0
fp16_fp16	NN	2561	112	25088	4
bf16_bf16	NN	2661	112	27136	13
fp16_fp16	NN	2761	80	18944	4
bf16_bf16	NN	2861	64	23552	10
bf16_bf16	NN	2961	96	26112	13
fp16_fp16	NN	3061	32	19968	1
bf16_bf16	NN	3161	16	23040	10
fp16_fp16	NN	3261	80	26112	5
bf16_bf16	NN	3361	112	22528	13
fp16_fp16	NN	3461	32	21504	1
fp16_fp16	NN	3561	16	17920	0
bf16_bf16	NN	3661	48	16896	9
fp16_fp16	NN	3761	96	17408	3
bf16_bf16	NN	3861	32	22016	9
bf16_bf16	NN	3961	16	24064	10
fp16_fp16	NN	4061	64	15360	0
fp16_fp16	NN	562	256	25600	7
bf16_bf16	NN	662	192	26624	17
bf16_bf16	NN	762	192	18944	16
fp16_fp16	NN	862	192	25088	7
bf16_bf16	NN	962	192	15872	15
fp16_fp16	NN	1062	192	24064	7
bf16_bf16	NN	1162	48	22016	9
bf16_bf16	NN	1262	128	17408	13
fp16_fp16	NN	1362	80	18432	3
fp16_fp16	NN	1462	96	23040	4
fp16_fp16	NN	1562	112	16384	3
bf16_bf16	NN	1662	64	15872	9
fp16_fp16	NN	1762	96	21504	3
bf16_bf16	NN	1862	48	25600	10
fp16_fp16	NN	1962	112	22528	4
bf16_bf16	NN	2062	112	16384	12
fp16_fp16	NN	2162	80	27136	5
bf16_bf16	NN	2262	96	20992	13
bf16_bf16	NN	2362	64	23552	10
fp16_fp16	NN	2462	16	20480	2
bf16_bf16	NN	2562	16	17920	9
fp16_fp16	NN	2662	32	24064	2
bf16_bf16	NN	2762	80	26112	12
fp16_fp16	NN	2862	64	19968	1
fp16_fp16	NN	2962	16	26624	1
bf16_bf16	NN	3062	48	18944	10
bf16_bf16	NN	3162	32	16896	9
fp16_fp16	NN	3262	64	20992	1
fp16_fp16	NN	3362	112	27136	4
bf16_bf16	NN	3462	32	23040	11
fp16_fp16	NN	3562	80	18432	3
bf16_bf16	NN	3662	96	23552	14
bf16_bf16	NN	3762	48	22016	10
fp16_fp16	NN	3862	112	19968	4
bf16_bf16	NN	3962	80	24576	13
fp16_fp16	NN	4062	32	20992	1
bf16_bf16	NN	563	256	19456	16
fp16_fp16	NN	663	192	25088	7
fp16_fp16	NN	763	192	20480	6
bf16_bf16	NN	863	192	24576	17
bf16_bf16	NN	963	192	16384	15
fp16_fp16	NN	1063	192	26112	7
bf16_bf16	NN	1163	128	17920	12
fp16_fp16	NN	1263	128	25088	5
bf16_bf16	NN	1363	48	19456	10
fp16_fp16	NN	1463	96	20992	4
bf16_bf16	NN	1563	64	21504	10
fp16_fp16	NN	1663	48	15872	0
fp16_fp16	NN	1763	16	25600	1
bf16_bf16	NN	1863	80	23552	14
bf16_bf16	NN	1963	32	26624	11
fp16_fp16	NN	2063	112	19968	4
fp16_fp16	NN	2163	64	19456	1
bf16_bf16	NN	2263	96	16384	12
bf16_bf16	NN	2363	16	21504	10
fp16_fp16	NN	2463	112	15360	3
fp16_fp16	NN	2563	96	17408	3
bf16_bf16	NN	2663	32	15360	9
fp16_fp16	NN	2763	16	16896	1
bf16_bf16	NN	2863	112	17408	12
fp16_fp16	NN	2963	64	27136	1
bf16_bf16	NN	3063	112	22528	13
fp16_fp16	NN	3163	48	18944	1
bf16_bf16	NN	3263	80	25088	13
bf16_bf16	NN	3363	80	18432	12
fp16_fp16	NN	3463	64	18432	0
bf16_bf16	NN	3563	32	20480	10
fp16_fp16	NN	3663	48	18944	1
fp16_fp16	NN	3763	80	27136	4
bf16_bf16	NN	3863	16	16896	9
bf16_bf16	NN	3963	48	26624	10
fp16_fp16	NN	4063	96	26624	5
bf16_bf16	NN	564	256	25600	16
fp16_fp16	NN	664	192	26112	7
bf16_bf16	NN	764	192	19968	16
fp16_fp16	NN	864	192	25600	6
fp16_fp16	NN	964	192	24064	7
bf16_bf16	NN	1064	192	16384	15
bf16_bf16	NN	1164	128	15872	12
fp16_fp16	NN	1264	128	17920	3
bf16_bf16	NN	1364	32	22016	11
fp16_fp16	NN	1464	96	23040	3
fp16_fp16	NN	1564	64	17408	0
bf16_bf16	NN	1664	96	23552	13
fp16_fp16	NN	1764	48	22528	2
bf16_bf16	NN	1864	64	19456	10
fp16_fp16	NN	1964	112	27136	5
bf16_bf16	NN	2064	48	24064	10
bf16_bf16	NN	2164	16	25088	10
fp16_fp16	NN	2264	32	23552	1
bf16_bf16	NN	2364	16	17920	9
fp16_fp16	NN	2464	80	22016	4
fp16_fp16	NN	2564	80	23040	4
bf16_bf16	NN	2664	112	18944	13
bf16_bf16	NN	2764	96	22528	14
fp16_fp16	NN	2864	48	24576	1
fp16_fp16	NN	2964	16	16896	0
bf16_bf16	NN	3064	64	26624	10
bf16_bf16	NN	3164	112	20992	13
fp16_fp16	NN	3264	48	20480	1
bf16_bf16	NN	3364	32	23040	10
fp16_fp16	NN	3464	96	22016	4
bf16_bf16	NN	3564	16	15360	9
fp16_fp16	NN	3664	80	15360	3
bf16_bf16	NN	3764	32	18432	10
fp16_fp16	NN	3864	64	17408	0
fp16_fp16	NN	3964	96	21504	4
bf16_bf16	NN	4064	64	18944	11
fp16_fp16	NN	565	256	24576	7
bf16_bf16	NN	665	192	19456	15
fp16_fp16	NN	765	192	20992	7
bf16_bf16	NN	865	192	21504	17
fp16_fp16	NN	965	192	19968	6
bf16_bf16	NN	1065	192	24064	15
bf16_bf16	NN	1165	128	21504	13
fp16_fp16	NN	1265	128	25088	4
fp16_fp16	NN	1365	16	26112	1
bf16_bf16	NN	1465	32	15872	9
bf16_bf16	NN	1565	80	25600	13
fp16_fp16	NN	1665	112	26112	5
fp16_fp16	NN	1765	96	18432	3
bf16_bf16	NN	1865	32	22016	11
fp16_fp16	NN	1965	112	16384	3
bf16_bf16	NN	2065	48	18432	9
fp16_fp16	NN	2165	16	17920	0
bf16_bf16	NN	2265	64	17408	9
fp16_fp16	NN	2365	80	27136	5
bf16_bf16	NN	2465	48	24576	11
bf16_bf16	NN	2565	112	22528	13
fp16_fp16	NN	2665	80	23040	5
bf16_bf16	NN	2765	16	17920	9
fp16_fp16	NN	2865	64	15872	0
bf16_bf16	NN	2965	96	20480	13
fp16_fp16	NN	3065	112	27136	3
bf16_bf16	NN	3165	32	26624	11
fp16_fp16	NN	3265	96	19968	4
bf16_bf16	NN	3365	64	25600	11
fp16_fp16	NN	3465	80	15360	3
fp16_fp16	NN	3565	16	16896	0
bf16_bf16	NN	3665	96	24576	14
bf16_bf16	NN	3765	48	16384	9
fp16_fp16	NN	3865	112	24064	5
fp16_fp16	NN	3965	32	20480	2
bf16_bf16	NN	4065	32	23552	11
bf16_bf16	NN	566	256	23552	17
fp16_fp16	NN	666	192	20480	7
fp16_fp16	NN	766	192	15872	6
bf16_bf16	NN	866	192	16384	15
bf16_bf16	NN	966	192	18944	16
fp16_fp16	NN	1066	192	20480	7
fp16_fp16	NN	1166	128	26112	5
bf16_bf16	NN	1266	48	16896	9
bf16_bf16	NN	1366	80	17408	12
fp16_fp16	NN	1466	112	20992	4
fp16_fp16	NN	1566	16	24064	1
bf16_bf16	NN	1666	64	25600	11
fp16_fp16	NN	1766	80	25088	4
bf16_bf16	NN	1866	32	22528	10
bf16_bf16	NN	1966	64	25088	10
fp16_fp16	NN	2066	80	26624	4
bf16_bf16	NN	2166	96	20992	13
fp16_fp16	NN	2266	96	19456	4
fp16_fp16	NN	2366	48	15872	0
bf16_bf16	NN	2466	16	18432	10
bf16_bf16	NN	2566	112	19968	13
fp16_fp16	NN	2666	16	27136	2
fp16_fp16	NN	2766	32	19456	1
bf16_bf16	NN	2866	32	21504	11
fp16_fp16	NN	2966	48	15360	0
bf16_bf16	NN	3066	64	23040	11
fp16_fp16	NN	3166	80	18944	4
bf16_bf16	NN	3266	48	16896	9
bf16_bf16	NN	3366	16	17920	9
fp16_fp16	NN	3466	96	22528	5
bf16_bf16	NN	3566	80	22016	13
fp16_fp16	NN	3666	112	27136	4
bf16_bf16	NN	3766	64	23552	11
fp16_fp16	NN	3866	80	24576	5
fp16_fp16	NN	3966	16	19456	1
bf16_bf16	NN	4066	16	26112	10
bf16_bf16	NN	567	256	19968	16
fp16_fp16	NN	667	192	23040	7
bf16_bf16	NN	767	192	21504	16
fp16_fp16	NN	867	192	15360	6
bf16_bf16	NN	967	192	17408	15
fp16_fp16	NN	1067	192	23040	7
bf16_bf16	NN	1167	48	24576	11
fp16_fp16	NN	1267	32	26112	1
bf16_bf16	NN	1367	96	24064	13
fp16_fp16	NN	1467	16	25088	1
fp16_fp16	NN	1567	112	20992	5
bf16_bf16	NN	1667	64	20480	10
bf16_bf16	NN	1767	96	22016	13
fp16_fp16	NN	1867	112	19968	4
fp16_fp16	NN	1967	48	17920	0
bf16_bf16	NN	2067	112	16384	12
bf16_bf16	NN	2167	48	25600	10
fp16_fp16	NN	2267	32	17408	0
fp16_fp16	NN	2367	80	23552	4
bf16_bf16	NN	2467	16	16896	9
fp16_fp16	NN	2567	64	17920	0
bf16_bf16	NN	2667	96	26624	14
fp16_fp16	NN	2767	32	25088	1
bf16_bf16	NN	2867	64	24064	10
fp16_fp16	NN	2967	48	15872	0
bf16_bf16	NN	3067	112	20992	13
bf16_bf16	NN	3167	32	21504	11
fp16_fp16	NN	3267	96	15360	3
bf16_bf16	NN	3367	80	18944	13
fp16_fp16	NN	3467	112	16384	3
fp16_fp16	NN	3567	64	19456	1
bf16_bf16	NN	3667	32	22528	11
bf16_bf16	NN	3767	48	18432	9
fp16_fp16	NN	3867	48	22016	1
fp16_fp16	NN	3967	16	24064	1
bf16_bf16	NN	4067	80	27136	13
fp16_fp16	NN	568	256	19968	7
bf16_bf16	NN	668	192	23552	16
bf16_bf16	NN	768	192	24576	17
fp16_fp16	NN	868	192	26624	7
bf16_bf16	NN	968	192	26624	16
fp16_fp16	NN	1068	192	23040	7
bf16_bf16	NN	1168	128	25600	14
bf16_bf16	NN	1268	128	17920	12
fp16_fp16	NN	1368	112	16384	3
fp16_fp16	NN	1468	80	18432	3
bf16_bf16	NN	1568	96	24576	13
fp16_fp16	NN	1668	16	26112	2
fp16_fp16	NN	1768	96	15360	3
bf16_bf16	NN	1868	32	22528	10
fp16_fp16	NN	1968	64	18432	0
bf16_bf16	NN	2068	64	21504	10
fp16_fp16	NN	2168	48	15872	0
bf16_bf16	NN	2268	80	16896	12
fp16_fp16	NN	2368	16	25088	1
bf16_bf16	NN	2468	96	20480	13
fp16_fp16	NN	2568	32	18944	1
bf16_bf16	NN	2668	64	25600	11
fp16_fp16	NN	2768	80	26112	5
bf16_bf16	NN	2868	48	17408	9
bf16_bf16	NN	2968	96	18944	13
fp16_fp16	NN	3068	112	24064	5
fp16_fp16	NN	3168	64	22016	1
bf16_bf16	NN	3268	96	22528	13
bf16_bf16	NN	3368	32	15872	9
fp16_fp16	NN	3468	16	17920	1
fp16_fp16	NN	3568	112	22016	4
bf16_bf16	NN	3668	64	23040	11
bf16_bf16	NN	3768	80	27136	13
fp16_fp16	NN	3868	16	20992	2
fp16_fp16	NN	3968	112	20992	4
bf16_bf16	NN	4068	32	20480	10
fp16_fp16	NN	569	256	25600	7
bf16_bf16	NN	669	192	15360	15
bf16_bf16	NN	769	192	24576	16
fp16_fp16	NN	869	192	15872	6
bf16_bf16	NN	969	192	17408	15
fp16_fp16	NN	1069	192	16384	6
bf16_bf16	NN	1169	128	16896	12
fp16_fp16	NN	1269	80	19456	4
bf16_bf16	NN	1369	16	23552	10
fp16_fp16	NN	1469	96	17408	3
fp16_fp16	NN	1569	48	26112	1
bf16_bf16	NN	1669	112	19968	12
bf16_bf16	NN	1769	48	16896	10
fp16_fp16	NN	1869	112	27136	4
fp16_fp16	NN	1969	64	18432	0
bf16_bf16	NN	2069	32	20480	11
fp16_fp16	NN	2169	80	23552	4
bf16_bf16	NN	2269	32	18944	10
bf16_bf16	NN	2369	64	19456	10
fp16_fp16	NN	2469	48	16384	0
fp16_fp16	NN	2569	16	25088	2
bf16_bf16	NN	2669	96	17920	12
bf16_bf16	NN	2769	112	26624	13
fp16_fp16	NN	2869	80	21504	5
fp16_fp16	NN	2969	48	24064	2
bf16_bf16	NN	3069	96	20992	13
fp16_fp16	NN	3169	32	22528	1
bf16_bf16	NN	3269	64	18944	10
fp16_fp16	NN	3369	64	25600	1
bf16_bf16	NN	3469	48	15360	9
bf16_bf16	NN	3569	112	27136	13
fp16_fp16	NN	3669	80	22016	4
fp16_fp16	NN	3769	32	23040	1
bf16_bf16	NN	3869	96	26624	14
fp16_fp16	NN	3969	16	26624	1
bf16_bf16	NN	4069	96	23552	13
bf16_bf16	NN	570	256	25600	16
fp16_fp16	NN	670	192	21504	7
fp16_fp16	NN	770	192	21504	7
bf16_bf16	NN	870	192	15360	15
bf16_bf16	NN	970	192	22528	15
fp16_fp16	NN	1070	192	22016	7
bf16_bf16	NN	1170	128	17408	12
fp16_fp16	NN	1270	16	20480	1
bf16_bf16	NN	1370	16	19456	10
fp16_fp16	NN	1470	48	16896	0
bf16_bf16	NN	1570	32	19456	10
fp16_fp16	NN	1670	48	25088	1
fp16_fp16	NN	1770	64	16384	0
bf16_bf16	NN	1870	80	25088	13
fp16_fp16	NN	1970	112	18944	4
bf16_bf16	NN	2070	32	20992	10
fp16_fp16	NN	2170	112	26112	5
bf16_bf16	NN	2270	32	15872	9
fp16_fp16	NN	2370	96	24576	4
bf16_bf16	NN	2470	64	26112	11
fp16_fp16	NN	2570	64	19968	2
bf16_bf16	NN	2670	112	16896	12
fp16_fp16	NN	2770	80	18432	4
bf16_bf16	NN	2870	16	19456	10
fp16_fp16	NN	2970	16	23040	1
bf16_bf16	NN	3070	96	27136	13
fp16_fp16	NN	3170	48	22016	1
bf16_bf16	NN	3270	80	23552	13
bf16_bf16	NN	3370	112	17408	12
fp16_fp16	NN	3470	48	15872	0
fp16_fp16	NN	3570	112	19968	4
bf16_bf16	NN	3670	32	26624	11
fp16_fp16	NN	3770	80	16384	3
bf16_bf16	NN	3870	64	25600	11
fp16_fp16	NN	3970	96	18432	3
bf16_bf16	NN	4070	96	24576	13
bf16_bf16	NN	571	256	27136	16
fp16_fp16	NN	671	192	19968	7
bf16_bf16	NN	771	192	24576	17
fp16_fp16	NN	871	192	19456	6
fp16_fp16	NN	971	192	22016	6
bf16_bf16	NN	1071	192	16896	15
bf16_bf16	NN	1171	128	18432	13
bf16_bf16	NN	1271	128	15360	12
fp16_fp16	NN	1371	80	17920	3
fp16_fp16	NN	1471	64	17920	0
fp16_fp16	NN	1571	16	23552	1
bf16_bf16	NN	1671	80	20992	14
bf16_bf16	NN	1771	32	23040	10
fp16_fp16	NN	1871	48	26112	1
fp16_fp16	NN	1971	96	17408	3
bf16_bf16	NN	2071	64	25600	11
fp16_fp16	NN	2171	32	22528	1
bf16_bf16	NN	2271	16	26112	10
fp16_fp16	NN	2371	112	24064	5
bf16_bf16	NN	2471	48	26624	10
fp16_fp16	NN	2571	16	20480	2
bf16_bf16	NN	2671	96	22528	13
fp16_fp16	NN	2771	112	20992	4
bf16_bf16	NN	2871	48	24064	11
bf16_bf16	NN	2971	16	25088	11
fp16_fp16	NN	3071	80	18944	4
fp16_fp16	NN	3171	64	21504	2
bf16_bf16	NN	3271	32	20480	11
fp16_fp16	NN	3371	64	23040	2
bf16_bf16	NN	3471	96	24064	13
bf16_bf16	NN	3571	48	15872	9
fp16_fp16	NN	3671	80	23552	5
fp16_fp16	NN	3771	16	25088	2
bf16_bf16	NN	3871	112	19968	14
bf16_bf16	NN	3971	32	24576	10
fp16_fp16	NN	4071	48	18944	1
bf16_bf16	NN	572	256	17408	16
fp16_fp16	NN	672	192	17920	6
fp16_fp16	NN	772	192	15360	6
bf16_bf16	NN	872	192	26112	16
bf16_bf16	NN	972	192	22528	17
fp16_fp16	NN	1072	192	25088	7
bf16_bf16	NN	1172	128	15360	12
fp16_fp16	NN	1272	128	23040	4
fp16_fp16	NN	1372	96	20992	4
bf16_bf16	NN	1472	64	16384	9
bf16_bf16	NN	1572	32	20480	11
fp16_fp16	NN	1672	80	18432	3
bf16_bf16	NN	1772	64	27136	11
fp16_fp16	NN	1872	96	21504	5
bf16_bf16	NN	1972	112	16384	12
fp16_fp16	NN	2072	48	15872	0
fp16_fp16	NN	2172	112	17920	3
bf16_bf16	NN	2272	80	15360	12
bf16_bf16	NN	2372	64	24576	10
fp16_fp16	NN	2472	80	19968	4
fp16_fp16	NN	2572	16	19456	1
bf16_bf16	NN	2672	96	22528	14
fp16_fp16	NN	2772	112	22016	4
bf16_bf16	NN	2872	32	16384	9
bf16_bf16	NN	2972	32	22016	10
fp16_fp16	NN	3072	48	15104	0
fp16_fp16	NN	3172	16	26624	1
bf16_bf16	NN	3272	112	21504	13
fp16_fp16	NN	3372	16	18944	1
bf16_bf16	NN	3472	32	21504	10
bf16_bf16	NN	3572	80	24064	13
fp16_fp16	NN	3672	16	20480	2
bf16_bf16	NN	3772	64	17408	9
fp16_fp16	NN	3872	96	22528	5
fp16_fp16	NN	3972	80	16896	4
bf16_bf16	NN	4072	48	24064	10
fp16_fp16	NN	573	256	15872	6
bf16_bf16	NN	673	192	16896	16
fp16_fp16	NN	773	192	23040	7
bf16_bf16	NN	873	192	19968	16
bf16_bf16	NN	973	192	25600	16
fp16_fp16	NN	1073	192	27136	7
bf16_bf16	NN	1173	96	26112	13
fp16_fp16	NN	1273	80	27136	5
fp16_fp16	NN	1373	112	17920	3
bf16_bf16	NN	1473	16	26624	10
fp16_fp16	NN	1573	48	25600	2
bf16_bf16	NN	1673	64	23552	11
bf16_bf16	NN	1773	32	18432	10
fp16_fp16	NN	1873	112	20992	4
fp16_fp16	NN	1973	48	16896	0
bf16_bf16	NN	2073	96	19456	13
bf16_bf16	NN	2173	64	15872	9
fp16_fp16	NN	2273	32	18432	0
fp16_fp16	NN	2373	16	26624	1
bf16_bf16	NN	2473	80	25600	13
bf16_bf16	NN	2573	64	25088	11
fp16_fp16	NN	2673	112	20992	4
bf16_bf16	NN	2773	32	23552	10
fp16_fp16	NN	2873	96	16384	3
fp16_fp16	NN	2973	16	17920	0
bf16_bf16	NN	3073	96	15360	12
fp16_fp16	NN	3173	48	19968	1
bf16_bf16	NN	3273	80	25088	13
bf16_bf16	NN	3373	96	24576	14
fp16_fp16	NN	3473	32	21504	1
fp16_fp16	NN	3573	16	18944	1
bf16_bf16	NN	3673	48	27136	10
fp16_fp16	NN	3773	112	22016	4
bf16_bf16	NN	3873	64	16896	10
bf16_bf16	NN	3973	64	26112	10
fp16_fp16	NN	4073	32	23040	2
fp16_fp16	NN	574	256	19456	7
bf16_bf16	NN	674	192	19968	16
bf16_bf16	NN	774	192	23552	15
fp16_fp16	NN	874	192	26624	6
fp16_fp16	NN	974	192	24576	7
bf16_bf16	NN	1074	192	21504	16
bf16_bf16	NN	1174	128	16384	12
fp16_fp16	NN	1274	128	20480	4
bf16_bf16	NN	1374	80	24064	13
fp16_fp16	NN	1474	48	17408	0
fp16_fp16	NN	1574	16	25600	1
bf16_bf16	NN	1674	32	24064	10
fp16_fp16	NN	1774	16	26112	1
bf16_bf16	NN	1874	112	20992	13
fp16_fp16	NN	1974	64	17408	1
bf16_bf16	NN	2074	48	22528	11
bf16_bf16	NN	2174	80	22016	13
fp16_fp16	NN	2274	112	17408	3
fp16_fp16	NN	2374	96	27136	4
bf16_bf16	NN	2474	80	17920	12
bf16_bf16	NN	2574	32	20480	10
fp16_fp16	NN	2674	32	15872	0
bf16_bf16	NN	2774	64	22528	10
fp16_fp16	NN	2874	112	25088	4
fp16_fp16	NN	2974	96	24576	5
bf16_bf16	NN	3074	96	18432	13
fp16_fp16	NN	3174	16	25088	2
bf16_bf16	NN	3274	48	22016	10
bf16_bf16	NN	3374	112	23552	13
fp16_fp16	NN	3474	48	18432	0
fp16_fp16	NN	3574	80	23040	5
bf16_bf16	NN	3674	64	16384	9
fp16_fp16	NN	3774	16	26112	1
bf16_bf16	NN	3874	64	15872	9
fp16_fp16	NN	3974	48	20480	1
bf16_bf16	NN	4074	16	26624	10
bf16_bf16	NN	575	256	20992	16
fp16_fp16	NN	675	192	22528	7
fp16_fp16	NN	775	192	15360	6
bf16_bf16	NN	875	192	16896	15
fp16_fp16	NN	975	192	24576	7
bf16_bf16	NN	1075	192	23040	16
bf16_bf16	NN	1175	128	17920	12
fp16_fp16	NN	1275	80	18944	4
bf16_bf16	NN	1375	96	18944	14
fp16_fp16	NN	1475	32	27136	2
bf16_bf16	NN	1575	112	21504	13
fp16_fp16	NN	1675	48	19456	1
bf16_bf16	NN	1775	112	15360	12
fp16_fp16	NN	1875	80	23552	5
bf16_bf16	NN	1975	64	23040	10
fp16_fp16	NN	2075	80	18944	4
bf16_bf16	NN	2175	16	17920	9
fp16_fp16	NN	2275	32	24064	1
fp16_fp16	NN	2375	32	16896	0
bf16_bf16	NN	2475	96	17408	12
bf16_bf16	NN	2575	16	25600	10
fp16_fp16	NN	2675	96	19456	4
bf16_bf16	NN	2775	48	24576	10
fp16_fp16	NN	2875	96	22016	4
fp16_fp16	NN	2975	64	26624	2
bf16_bf16	NN	3075	112	15360	12
fp16_fp16	NN	3175	32	27136	1
bf16_bf16	NN	3275	16	15872	9
fp16_fp16	NN	3375	112	21504	5
bf16_bf16	NN	3475	48	15872	9
fp16_fp16	NN	3575	64	25088	2
bf16_bf16	NN	3675	80	16384	12
bf16_bf16	NN	3775	96	25600	13
fp16_fp16	NN	3875	80	20992	3
bf16_bf16	NN	3975	112	18944	13
fp16_fp16	NN	4075	112	19968	4
bf16_bf16	NN	576	256	25600	17
fp16_fp16	NN	676	192	18432	6
fp16_fp16	NN	776	192	23552	7
bf16_bf16	NN	876	192	24576	16
bf16_bf16	NN	976	192	18432	15
fp16_fp16	NN	1076	192	22528	7
bf16_bf16	NN	1176	128	16384	12
fp16_fp16	NN	1276	128	16896	3
bf16_bf16	NN	1376	16	21504	11
fp16_fp16	NN	1476	48	17920	0
fp16_fp16	NN	1576	64	26112	2
bf16_bf16	NN	1676	32	22528	10
bf16_bf16	NN	1776	16	19968	10
fp16_fp16	NN	1876	64	24064	2
fp16_fp16	NN	1976	32	20480	1
bf16_bf16	NN	2076	48	20480	10
bf16_bf16	NN	2176	80	27136	14
fp16_fp16	NN	2276	96	18432	3
bf16_bf16	NN	2376	16	26112	10
fp16_fp16	NN	2476	48	20992	1
bf16_bf16	NN	2576	96	19456	13
fp16_fp16	NN	2676	32	17408	0
bf16_bf16	NN	2776	64	25088	10
fp16_fp16	NN	2876	112	24064	5
bf16_bf16	NN	2976	80	23040	14
fp16_fp16	NN	3076	16	19456	2
bf16_bf16	NN	3176	112	18944	13
fp16_fp16	NN	3276	96	15360	3
bf16_bf16	NN	3376	64	19968	11
fp16_fp16	NN	3476	48	25088	1
fp16_fp16	NN	3576	32	26624	2
bf16_bf16	NN	3676	48	16896	9
bf16_bf16	NN	3776	80	23552	14
fp16_fp16	NN	3876	80	15360	3
fp16_fp16	NN	3976	96	22016	3
bf16_bf16	NN	4076	64	19456	10
bf16_bf16	NN	577	256	27136	16
fp16_fp16	NN	677	192	24576	7
fp16_fp16	NN	777	192	16384	6
bf16_bf16	NN	877	192	24064	16
bf16_bf16	NN	977	192	20992	16
fp16_fp16	NN	1077	192	25600	7
bf16_bf16	NN	1177	128	23552	14
bf16_bf16	NN	1277	128	23552	13
fp16_fp16	NN	1377	32	24576	1
fp16_fp16	NN	1477	112	19968	4
fp16_fp16	NN	1577	16	21504	1
bf16_bf16	NN	1677	16	22528	11
fp16_fp16	NN	1777	96	18432	3
bf16_bf16	NN	1877	32	20480	11
fp16_fp16	NN	1977	80	26112	4
bf16_bf16	NN	2077	112	20992	13
bf16_bf16	NN	2177	64	19456	10
fp16_fp16	NN	2277	80	18944	4
bf16_bf16	NN	2377	64	22016	10
fp16_fp16	NN	2477	16	26624	2
fp16_fp16	NN	2577	112	17920	4
bf16_bf16	NN	2677	96	17408	12
fp16_fp16	NN	2777	48	24064	2
bf16_bf16	NN	2877	80	19968	13
bf16_bf16	NN	2977	16	15872	9
fp16_fp16	NN	3077	48	20480	1
bf16_bf16	NN	3177	96	16896	12
fp16_fp16	NN	3277	64	23040	1
bf16_bf16	NN	3377	32	26624	10
fp16_fp16	NN	3477	112	16384	3
bf16_bf16	NN	3577	32	22016	10
fp16_fp16	NN	3677	32	20480	1
fp16_fp16	NN	3777	96	17408	3
bf16_bf16	NN	3877	112	18944	13
fp16_fp16	NN	3977	48	15872	0
bf16_bf16	NN	4077	16	23040	10
bf16_bf16	NN	578	256	25600	17
fp16_fp16	NN	678	192	24064	7
bf16_bf16	NN	778	192	21504	16
fp16_fp16	NN	878	192	16384	6
bf16_bf16	NN	978	192	15872	15
fp16_fp16	NN	1078	192	22528	7
fp16_fp16	NN	1178	128	24576	5
bf16_bf16	NN	1278	128	17920	12
bf16_bf16	NN	1378	48	15360	9
fp16_fp16	NN	1478	112	25088	4
bf16_bf16	NN	1578	64	25600	10
fp16_fp16	NN	1678	80	27136	5
fp16_fp16	NN	1778	80	17408	3
bf16_bf16	NN	1878	64	19456	10
fp16_fp16	NN	1978	112	26112	4
bf16_bf16	NN	2078	96	23552	13
bf16_bf16	NN	2178	48	26624	11
fp16_fp16	NN	2278	16	25088	1
bf16_bf16	NN	2378	16	26112	10
fp16_fp16	NN	2478	80	19968	4
fp16_fp16	NN	2578	32	15360	0
bf16_bf16	NN	2678	48	17920	9
fp16_fp16	NN	2778	96	20992	5
bf16_bf16	NN	2878	32	18432	9
fp16_fp16	NN	2978	64	15872	0
bf16_bf16	NN	3078	80	21504	13
bf16_bf16	NN	3178	16	23040	11
fp16_fp16	NN	3278	32	20480	1
fp16_fp16	NN	3378	64	23040	1
bf16_bf16	NN	3478	96	17408	12
fp16_fp16	NN	3578	48	18432	0
bf16_bf16	NN	3678	80	16896	12
bf16_bf16	NN	3778	112	22016	13
fp16_fp16	NN	3878	112	24576	4
fp16_fp16	NN	3978	64	18944	1
bf16_bf16	NN	4078	96	22016	13
bf16_bf16	NN	579	256	20992	16
fp16_fp16	NN	679	192	25600	7
fp16_fp16	NN	779	192	27136	6
bf16_bf16	NN	879	192	25088	16
fp16_fp16	NN	979	192	21504	7
bf16_bf16	NN	1079	192	16384	15
bf16_bf16	NN	1179	128	15360	12
bf16_bf16	NN	1279	128	20992	13
fp16_fp16	NN	1379	96	26112	5
fp16_fp16	NN	1479	16	27136	2
fp16_fp16	NN	1579	48	16896	0
bf16_bf16	NN	1679	32	26624	10
bf16_bf16	NN	1779	48	22528	10
fp16_fp16	NN	1879	16	26624	1
fp16_fp16	NN	1979	112	23552	4
bf16_bf16	NN	2079	64	22016	10
fp16_fp16	NN	2179	80	16384	3
bf16_bf16	NN	2279	32	22016	10
fp16_fp16	NN	2379	96	22528	4
bf16_bf16	NN	2479	48	18944	11
bf16_bf16	NN	2579	16	17920	10
fp16_fp16	NN	2679	32	19968	2
fp16_fp16	NN	2779	112	19456	4
bf16_bf16	NN	2879	64	21504	10
fp16_fp16	NN	2979	80	19456	4
bf16_bf16	NN	3079	32	20480	10
fp16_fp16	NN	3179	96	25600	4
bf16_bf16	NN	3279	112	24064	13
fp16_fp16	NN	3379	48	15872	0
bf16_bf16	NN	3479	32	16896	9
fp16_fp16	NN	3579	16	25088	2
bf16_bf16	NN	3679	80	18432	12
fp16_fp16	NN	3779	48	24064	2
bf16_bf16	NN	3879	64	23552	11
fp16_fp16	NN	3979	80	24576	4
bf16_bf16	NN	4079	64	18944	10
bf16_bf16	NN	580	256	25600	16
fp16_fp16	NN	680	192	15360	6
bf16_bf16	NN	780	192	22528	16
fp16_fp16	NN	880	192	25600	6
fp16_fp16	NN	980	192	18432	6
bf16_bf16	NN	1080	192	26624	15
fp16_fp16	NN	1180	96	19968	4
bf16_bf16	NN	1280	1024	10240	16
bf16_bf16	NN	1380	112	25088	13
fp16_fp16	NN	1480	96	17408	3
fp16_fp16	NN	1580	112	27136	5
bf16_bf16	NN	1680	16	24576	10
fp16_fp16	NN	1780	48	23040	1
bf16_bf16	NN	1880	80	24576	13
fp16_fp16	NN	1980	64	17408	0
bf16_bf16	NN	2080	96	16384	12
bf16_bf16	NN	2180	112	26112	13
fp16_fp16	NN	2280	80	23040	4
fp16_fp16	NN	2380	32	17920	0
bf16_bf16	NN	2480	32	20480	10
bf16_bf16	NN	2580	16	23040	10
fp16_fp16	NN	2680	64	19456	1
fp16_fp16	NN	2780	80	27136	5
bf16_bf16	NN	2880	64	19456	10
bf16_bf16	NN	2980	96	17920	12
fp16_fp16	NN	3080	16	19968	1
bf16_bf16	NN	3180	32	24064	10
fp16_fp16	NN	3280	16	18944	1
bf16_bf16	NN	3380	96	15872	12
fp16_fp16	NN	3480	48	17920	1
fp16_fp16	NN	3580	112	23552	4
bf16_bf16	NN	3680	48	16896	9
fp16_fp16	NN	3780	112	15360	3
bf16_bf16	NN	3880	80	18944	13
bf16_bf16	NN	3980	32	22528	11
fp16_fp16	NN	4080	48	22016	1
fp16_fp16	NN	581	192	24064	7
bf16_bf16	NN	681	192	16896	15
fp16_fp16	NN	781	192	18432	6
bf16_bf16	NN	881	192	23552	16
fp16_fp16	NN	981	192	25088	7
bf16_bf16	NN	1081	192	20480	16
bf16_bf16	NN	1181	128	19968	13
fp16_fp16	NN	1281	112	26112	5
fp16_fp16	NN	1381	16	16384	0
bf16_bf16	NN	1481	16	17408	9
fp16_fp16	NN	1581	96	27136	4
bf16_bf16	NN	1681	48	16896	9
fp16_fp16	NN	1781	64	22528	2
bf16_bf16	NN	1881	80	15872	12
fp16_fp16	NN	1981	64	18432	0
bf16_bf16	NN	2081	112	21504	14
bf16_bf16	NN	2181	32	22528	10
fp16_fp16	NN	2281	80	26112	4
bf16_bf16	NN	2381	96	15360	12
fp16_fp16	NN	2481	80	20992	4
fp16_fp16	NN	2581	16	26624	1
bf16_bf16	NN	2681	64	25600	10
fp16_fp16	NN	2781	96	20992	5
bf16_bf16	NN	2881	48	18432	9
fp16_fp16	NN	2981	16	24064	1
bf16_bf16	NN	3081	32	15360	9
bf16_bf16	NN	3181	112	18944	13
fp16_fp16	NN	3281	64	20992	0
bf16_bf16	NN	3381	48	24064	10
fp16_fp16	NN	3481	32	26624	2
bf16_bf16	NN	3581	64	21504	11
fp16_fp16	NN	3681	112	23552	4
fp16_fp16	NN	3781	48	15872	0
bf16_bf16	NN	3881	32	16384	10
fp16_fp16	NN	3981	96	17408	3
bf16_bf16	NN	4081	48	19456	10
fp16_fp16	NN	582	256	27136	7
bf16_bf16	NN	682	192	16896	15
bf16_bf16	NN	782	192	25088	16
fp16_fp16	NN	882	192	23552	7
fp16_fp16	NN	982	192	24576	7
bf16_bf16	NN	1082	192	26112	15
bf16_bf16	NN	1182	128	22016	14
fp16_fp16	NN	1282	80	20992	4
bf16_bf16	NN	1382	16	26624	10
fp16_fp16	NN	1482	80	19968	4
bf16_bf16	NN	1582	16	20480	10
fp16_fp16	NN	1682	96	15360	3
fp16_fp16	NN	1782	32	21504	2
bf16_bf16	NN	1882	64	17920	10
bf16_bf16	NN	1982	64	23040	10
fp16_fp16	NN	2082	112	26624	4
fp16_fp16	NN	2182	112	19968	4
bf16_bf16	NN	2282	80	20480	13
fp16_fp16	NN	2382	32	15872	0
bf16_bf16	NN	2482	16	17920	9
bf16_bf16	NN	2582	48	22528	10
fp16_fp16	NN	2682	112	24576	4
bf16_bf16	NN	2782	32	21504	11
fp16_fp16	NN	2882	16	25088	2
bf16_bf16	NN	2982	96	17408	12
fp16_fp16	NN	3082	48	19456	1
fp16_fp16	NN	3182	96	22016	4
bf16_bf16	NN	3282	80	17408	12
bf16_bf16	NN	3382	80	23040	13
fp16_fp16	NN	3482	96	22528	4
fp16_fp16	NN	3582	112	26112	5
bf16_bf16	NN	3682	64	16896	9
fp16_fp16	NN	3782	64	19456	1
bf16_bf16	NN	3882	64	23040	10
bf16_bf16	NN	3982	16	16384	9
fp16_fp16	NN	4082	32	18944	1
fp16_fp16	NN	583	256	16896	6
bf16_bf16	NN	683	192	17920	15
bf16_bf16	NN	783	192	20480	16
fp16_fp16	NN	883	192	19968	7
fp16_fp16	NN	983	192	25600	7
bf16_bf16	NN	1083	192	23552	16
bf16_bf16	NN	1183	16	27136	11
fp16_fp16	NN	1283	48	24064	2
fp16_fp16	NN	1383	80	18432	3
bf16_bf16	NN	1483	112	17408	12
fp16_fp16	NN	1583	96	15872	3
bf16_bf16	NN	1683	64	16384	9
fp16_fp16	NN	1783	48	25600	1
bf16_bf16	NN	1883	112	18944	12
bf16_bf16	NN	1983	32	19968	10
fp16_fp16	NN	2083	32	15360	0
fp16_fp16	NN	2183	80	27136	5
bf16_bf16	NN	2283	16	26112	10
bf16_bf16	NN	2383	112	21504	13
fp16_fp16	NN	2483	96	24064	4
bf16_bf16	NN	2583	32	24576	10
fp16_fp16	NN	2683	16	23040	2
fp16_fp16	NN	2783	48	15872	0
bf16_bf16	NN	2883	96	18432	12
bf16_bf16	NN	2983	64	24576	11
fp16_fp16	NN	3083	16	26624	1
bf16_bf16	NN	3183	48	23552	10
fp16_fp16	NN	3283	80	20480	4
fp16_fp16	NN	3383	48	22016	2
bf16_bf16	NN	3483	80	20992	13
fp16_fp16	NN	3583	96	25600	4
bf16_bf16	NN	3683	112	16384	12
fp16_fp16	NN	3783	64	18944	1
bf16_bf16	NN	3883	32	20992	10
bf16_bf16	NN	3983	32	22016	10
fp16_fp16	NN	4083	80	25088	4
bf16_bf16	NN	584	256	27136	17
fp16_fp16	NN	684	192	26624	6
bf16_bf16	NN	784	192	15872	15
fp16_fp16	NN	884	192	17920	6
bf16_bf16	NN	984	192	16896	15
fp16_fp16	NN	1084	192	18432	6
fp16_fp16	NN	1184	128	18432	4
bf16_bf16	NN	1284	64	20992	10
fp16_fp16	NN	1384	16	21504	1
bf16_bf16	NN	1484	48	24064	11
fp16_fp16	NN	1584	96	22016	5
bf16_bf16	NN	1684	80	22528	13
fp16_fp16	NN	1784	112	19968	4
bf16_bf16	NN	1884	64	23040	10
bf16_bf16	NN	1984	112	18944	13
fp16_fp16	NN	2084	96	19456	4
fp16_fp16	NN	2184	48	15360	0
bf16_bf16	NN	2284	48	20480	10
fp16_fp16	NN	2384	80	25088	5
bf16_bf16	NN	2484	32	22528	10
fp16_fp16	NN	2584	112	26112	4
bf16_bf16	NN	2684	96	17408	12
fp16_fp16	NN	2784	16	21504	2
bf16_bf16	NN	2884	64	19968	10
bf16_bf16	NN	2984	32	16384	9
fp16_fp16	NN	3084	48	24064	2
fp16_fp16	NN	3184	80	15360	3
bf16_bf16	NN	3284	32	16896	10
fp16_fp16	NN	3384	16	20992	1
bf16_bf16	NN	3484	48	25600	10
bf16_bf16	NN	3584	112	15104	12
fp16_fp16	NN	3684	96	20992	4
bf16_bf16	NN	3784	64	19456	10
fp16_fp16	NN	3884	96	17408	3
fp16_fp16	NN	3984	16	25088	2
bf16_bf16	NN	4084	80	23552	14
fp16_fp16	NN	585	256	25600	7
bf16_bf16	NN	685	192	17920	15
fp16_fp16	NN	785	192	21504	7
bf16_bf16	NN	885	192	21504	16
bf16_bf16	NN	985	192	20480	16
fp16_fp16	NN	1085	192	17920	6
fp16_fp16	NN	1185	128	24576	4
bf16_bf16	NN	1285	112	17920	12
fp16_fp16	NN	1385	112	27136	4
bf16_bf16	NN	1485	64	26112	10
fp16_fp16	NN	1585	32	15872	0
bf16_bf16	NN	1685	96	15360	12
fp16_fp16	NN	1785	16	22016	1
bf16_bf16	NN	1885	80	16384	12
bf16_bf16	NN	1985	64	19456	10
fp16_fp16	NN	2085	80	23040	5
fp16_fp16	NN	2185	16	25088	1
bf16_bf16	NN	2285	32	24576	11
bf16_bf16	NN	2385	32	26624	11
fp16_fp16	NN	2485	48	24064	2
fp16_fp16	NN	2585	112	18944	4
bf16_bf16	NN	2685	64	23552	10
bf16_bf16	NN	2785	96	22528	13
fp16_fp16	NN	2885	48	27136	1
bf16_bf16	NN	2985	16	15872	9
fp16_fp16	NN	3085	80	16384	3
bf16_bf16	NN	3185	112	17408	12
fp16_fp16	NN	3285	32	16896	0
bf16_bf16	NN	3385	48	23552	10
fp16_fp16	NN	3485	64	18432	0
fp16_fp16	NN	3585	16	20480	1
bf16_bf16	NN	3685	96	15360	12
bf16_bf16	NN	3785	32	25088	11
fp16_fp16	NN	3885	96	22528	4
bf16_bf16	NN	3985	48	23040	10
fp16_fp16	NN	4085	64	18432	1
bf16_bf16	NN	586	256	19968	16
fp16_fp16	NN	686	192	18944	7
fp16_fp16	NN	786	192	25600	7
bf16_bf16	NN	886	192	21504	16
bf16_bf16	NN	986	192	24576	16
fp16_fp16	NN	1086	192	24576	7
bf16_bf16	NN	1186	128	15872	12
fp16_fp16	NN	1286	80	17408	3
bf16_bf16	NN	1386	16	24064	10
fp16_fp16	NN	1486	80	27136	5
bf16_bf16	NN	1586	96	26624	14
fp16_fp16	NN	1686	112	26112	5
fp16_fp16	NN	1786	112	26112	5
bf16_bf16	NN	1886	16	26624	10
bf16_bf16	NN	1986	16	22016	11
fp16_fp16	NN	2086	64	27136	2
fp16_fp16	NN	2186	48	17920	1
bf16_bf16	NN	2286	32	15872	9
fp16_fp16	NN	2386	80	23552	4
bf16_bf16	NN	2486	64	23040	10
bf16_bf16	NN	2586	96	19456	14
fp16_fp16	NN	2686	32	16896	0
fp16_fp16	NN	2786	48	22016	1
bf16_bf16	NN	2886	96	18944	13
fp16_fp16	NN	2986	80	20992	4
bf16_bf16	NN	3086	112	17408	12
fp16_fp16	NN	3186	112	19968	4
bf16_bf16	NN	3286	16	22528	10
fp16_fp16	NN	3386	48	26112	2
bf16_bf16	NN	3486	64	25600	11
fp16_fp16	NN	3586	16	25088	1
bf16_bf16	NN	3686	32	16384	9
fp16_fp16	NN	3786	48	15360	0
bf16_bf16	NN	3886	80	20480	13
bf16_bf16	NN	3986	64	26624	10
fp16_fp16	NN	4086	32	24576	1
fp16_fp16	NN	587	256	25600	7
bf16_bf16	NN	687	192	21504	16
bf16_bf16	NN	787	192	25088	16
fp16_fp16	NN	887	192	22016	7
bf16_bf16	NN	987	192	18432	15
fp16_fp16	NN	1087	192	27136	7
fp16_fp16	NN	1187	128	16384	3
bf16_bf16	NN	1287	112	20480	13
bf16_bf16	NN	1387	96	22528	14
fp16_fp16	NN	1487	112	19968	4
bf16_bf16	NN	1587	16	26112	11
fp16_fp16	NN	1687	96	18432	3
fp16_fp16	NN	1787	32	16896	0
bf16_bf16	NN	1887	80	25088	14
fp16_fp16	NN	1987	80	20992	4
bf16_bf16	NN	2087	48	17920	9
bf16_bf16	NN	2187	96	15360	12
fp16_fp16	NN	2287	32	19456	2
fp16_fp16	NN	2387	48	15872	0
bf16_bf16	NN	2487	64	18944	10
bf16_bf16	NN	2587	112	23040	13
fp16_fp16	NN	2687	64	20992	1
bf16_bf16	NN	2787	16	24576	10
fp16_fp16	NN	2887	96	19456	4
fp16_fp16	NN	2987	64	19456	1
bf16_bf16	NN	3087	32	16384	9
bf16_bf16	NN	3187	16	26624	11
fp16_fp16	NN	3287	80	18944	4
bf16_bf16	NN	3387	48	23552	10
fp16_fp16	NN	3487	112	17920	4
fp16_fp16	NN	3587	48	24064	2
bf16_bf16	NN	3687	80	23552	13
fp16_fp16	NN	3787	96	15360	3
bf16_bf16	NN	3887	16	17408	9
fp16_fp16	NN	3987	64	22528	1
bf16_bf16	NN	4087	48	16896	9
fp16_fp16	NN	588	256	15872	6
bf16_bf16	NN	688	192	25088	17
fp16_fp16	NN	788	192	18432	6
bf16_bf16	NN	888	192	22016	16
bf16_bf16	NN	988	192	19968	16
fp16_fp16	NN	1088	192	20992	7
fp16_fp16	NN	1188	128	16384	3
bf16_bf16	NN	1288	32	16896	9
bf16_bf16	NN	1388	32	24064	11
fp16_fp16	NN	1488	80	26624	5
fp16_fp16	NN	1588	112	19456	4
bf16_bf16	NN	1688	112	21504	14
fp16_fp16	NN	1788	96	17408	3
bf16_bf16	NN	1888	64	23552	11
fp16_fp16	NN	1988	80	23040	4
bf16_bf16	NN	2088	64	17920	9
bf16_bf16	NN	2188	32	21504	10
fp16_fp16	NN	2288	16	22016	1
bf16_bf16	NN	2388	96	19968	13
fp16_fp16	NN	2488	112	19968	4
fp16_fp16	NN	2588	112	27136	4
bf16_bf16	NN	2688	64	18944	10
bf16_bf16	NN	2788	96	27136	14
fp16_fp16	NN	2888	16	16896	0
fp16_fp16	NN	2988	112	26112	4
bf16_bf16	NN	3088	96	22528	13
fp16_fp16	NN	3188	48	25088	1
bf16_bf16	NN	3288	96	25600	13
fp16_fp16	NN	3388	80	26624	4
bf16_bf16	NN	3488	16	15872	9
fp16_fp16	NN	3588	16	23040	1
bf16_bf16	NN	3688	32	19456	10
fp16_fp16	NN	3788	80	22016	5
bf16_bf16	NN	3888	64	18432	9
fp16_fp16	NN	3988	48	25600	2
bf16_bf16	NN	4088	32	24576	11
bf16_bf16	NN	589	256	15360	15
fp16_fp16	NN	689	192	18944	7
bf16_bf16	NN	789	192	20480	16
fp16_fp16	NN	889	192	15872	6
bf16_bf16	NN	989	192	16896	15
fp16_fp16	NN	1089	192	26624	7
bf16_bf16	NN	1189	128	25600	13
fp16_fp16	NN	1289	32	24064	2
bf16_bf16	NN	1389	64	17408	9
fp16_fp16	NN	1489	48	17920	1
bf16_bf16	NN	1589	80	24064	13
fp16_fp16	NN	1689	80	22528	5
fp16_fp16	NN	1789	16	23040	1
bf16_bf16	NN	1889	112	24576	13
fp16_fp16	NN	1989	96	16384	4
bf16_bf16	NN	2089	48	22016	10
bf16_bf16	NN	2189	64	20992	10
fp16_fp16	NN	2289	112	20992	4
bf16_bf16	NN	2389	48	23552	10
fp16_fp16	NN	2489	48	26112	1
bf16_bf16	NN	2589	16	17920	9
fp16_fp16	NN	2689	112	16384	3
bf16_bf16	NN	2789	80	20480	13
fp16_fp16	NN	2889	32	19456	1
fp16_fp16	NN	2989	64	15360	0
bf16_bf16	NN	3089	96	24576	14
fp16_fp16	NN	3189	112	21504	4
bf16_bf16	NN	3289	32	25600	9
bf16_bf16	NN	3389	16	21504	11
fp16_fp16	NN	3489	48	16896	0
bf16_bf16	NN	3589	96	24064	13
fp16_fp16	NN	3689	32	15360	0
bf16_bf16	NN	3789	64	23040	11
fp16_fp16	NN	3889	16	20992	1
bf16_bf16	NN	3989	32	20480	10
fp16_fp16	NN	4089	16	17920	0
bf16_bf16	NN	590	256	26624	16
fp16_fp16	NN	690	192	26112	7
fp16_fp16	NN	790	192	18432	6
bf16_bf16	NN	890	192	19456	16
bf16_bf16	NN	990	192	20480	16
fp16_fp16	NN	1090	192	22016	7
bf16_bf16	NN	1190	128	25088	14
fp16_fp16	NN	1290	96	15360	3
fp16_fp16	NN	1390	48	27136	1
bf16_bf16	NN	1490	112	23552	12
bf16_bf16	NN	1590	64	26112	11
fp16_fp16	NN	1690	96	19968	4
fp16_fp16	NN	1790	80	15872	3
bf16_bf16	NN	1890	64	23552	11
fp16_fp16	NN	1990	80	25600	4
bf16_bf16	NN	2090	48	26112	10
bf16_bf16	NN	2190	32	20480	10
fp16_fp16	NN	2290	112	18944	4
fp16_fp16	NN	2390	16	17408	0
bf16_bf16	NN	2490	112	18432	12
fp16_fp16	NN	2590	80	17408	3
bf16_bf16	NN	2690	96	18432	12
fp16_fp16	NN	2790	16	25088	1
bf16_bf16	NN	2890	32	24576	10
fp16_fp16	NN	2990	48	24064	2
bf16_bf16	NN	3090	64	15872	9
fp16_fp16	NN	3190	80	23040	3
bf16_bf16	NN	3290	96	22528	14
bf16_bf16	NN	3390	48	27136	10
fp16_fp16	NN	3490	32	16896	0
fp16_fp16	NN	3590	112	22016	4
bf16_bf16	NN	3690	64	17920	9
fp16_fp16	NN	3790	80	27136	5
bf16_bf16	NN	3890	16	23040	10
fp16_fp16	NN	3990	112	18944	4
bf16_bf16	NN	4090	96	21504	13
bf16_bf16	NN	191	640	15104	15
fp16_fp16	NN	591	256	17408	6
bf16_bf16	NN	691	192	19968	16
fp16_fp16	NN	791	192	18944	6
bf16_bf16	NN	891	192	16384	15
fp16_fp16	NN	991	192	26624	7
bf16_bf16	NN	1091	192	24064	16
fp16_fp16	NN	1191	128	20992	4
bf16_bf16	NN	1291	64	23552	11
fp16_fp16	NN	1391	80	22528	4
bf16_bf16	NN	1491	48	18432	9
fp16_fp16	NN	1591	96	24576	5
fp16_fp16	NN	1691	16	22528	1
bf16_bf16	NN	1791	64	15872	9
fp16_fp16	NN	1891	32	15360	0
bf16_bf16	NN	1991	80	26624	13
bf16_bf16	NN	2091	112	21504	13
fp16_fp16	NN	2191	48	25600	1
bf16_bf16	NN	2291	32	26112	10
fp16_fp16	NN	2391	16	27136	2
fp16_fp16	NN	2491	64	19456	2
bf16_bf16	NN	2591	16	17920	9
bf16_bf16	NN	2691	48	20480	11
fp16_fp16	NN	2791	80	23552	4
bf16_bf16	NN	2891	112	16384	12
fp16_fp16	NN	2991	32	16896	0
bf16_bf16	NN	3091	96	16384	13
fp16_fp16	NN	3191	16	24064	2
fp16_fp16	NN	3291	48	20480	1
bf16_bf16	NN	3391	96	25088	13
fp16_fp16	NN	3491	80	20992	5
bf16_bf16	NN	3591	16	23040	10
fp16_fp16	NN	3691	112	19968	5
bf16_bf16	NN	3791	32	22016	10
bf16_bf16	NN	3891	64	25600	10
fp16_fp16	NN	3991	48	19456	1
bf16_bf16	NN	4091	80	25088	12
fp16_fp16	NN	192	896	15104	6
bf16_bf16	NN	592	256	26112	16
fp16_fp16	NN	692	192	20992	7
bf16_bf16	NN	792	192	24576	16
fp16_fp16	NN	892	192	15360	6
fp16_fp16	NN	992	192	15872	6
bf16_bf16	NN	1092	192	21504	15
fp16_fp16	NN	1192	128	15360	3
bf16_bf16	NN	1292	112	17408	13
bf16_bf16	NN	1392	32	22528	10
fp16_fp16	NN	1492	80	18944	4
fp16_fp16	NN	1592	96	16384	3
bf16_bf16	NN	1692	16	23040	10
bf16_bf16	NN	1792	64	15104	9
fp16_fp16	NN	1892	112	19968	4
bf16_bf16	NN	1992	48	24064	10
fp16_fp16	NN	2092	96	27136	4
bf16_bf16	NN	2192	64	25600	10
fp16_fp16	NN	2292	96	22016	4
bf16_bf16	NN	2392	32	27136	10
fp16_fp16	NN	2492	48	18432	0
fp16_fp16	NN	2592	16	16896	0
bf16_bf16	NN	2692	80	26624	13
fp16_fp16	NN	2792	32	25088	1
bf16_bf16	NN	2892	96	17408	12
bf16_bf16	NN	2992	64	15872	10
fp16_fp16	NN	3092	16	17920	0
bf16_bf16	NN	3192	112	17408	12
fp16_fp16	NN	3292	32	22528	2
fp16_fp16	NN	3392	80	26112	4
bf16_bf16	NN	3492	112	23552	13
bf16_bf16	NN	3592	64	19456	10
fp16_fp16	NN	3692	80	18944	4
bf16_bf16	NN	3792	48	18432	9
fp16_fp16	NN	3892	16	25088	1
fp16_fp16	NN	3992	48	24576	1
bf16_bf16	NN	4092	96	16384	12
fp16_fp16	NN	593	256	25600	7
bf16_bf16	NN	693	192	15360	15
fp16_fp16	NN	793	192	16896	6
bf16_bf16	NN	893	192	22016	16
bf16_bf16	NN	993	192	21504	15
fp16_fp16	NN	1093	192	26112	7
fp16_fp16	NN	1193	128	19456	4
bf16_bf16	NN	1293	64	20992	11
fp16_fp16	NN	1393	32	25600	2
bf16_bf16	NN	1493	32	20480	10
fp16_fp16	NN	1593	112	21504	4
bf16_bf16	NN	1693	112	23552	12
fp16_fp16	NN	1793	48	19968	1
bf16_bf16	NN	1893	64	18944	10
fp16_fp16	NN	1993	80	23040	5
bf16_bf16	NN	2093	16	22528	10
bf16_bf16	NN	2193	112	27136	13
fp16_fp16	NN	2293	48	24064	1
fp16_fp16	NN	2393	96	24576	4
bf16_bf16	NN	2493	16	16896	9
fp16_fp16	NN	2593	64	17920	0
bf16_bf16	NN	2693	96	22528	13
fp16_fp16	NN	2793	32	20480	1
bf16_bf16	NN	2893	112	20992	13
fp16_fp16	NN	2993	80	17920	3
bf16_bf16	NN	3093	96	18432	12
fp16_fp16	NN	3193	80	27136	5
bf16_bf16	NN	3293	48	19456	10
bf16_bf16	NN	3393	16	19968	10
fp16_fp16	NN	3493	112	26112	5
fp16_fp16	NN	3593	32	21504	2
bf16_bf16	NN	3693	96	22016	13
bf16_bf16	NN	3793	64	23552	10
fp16_fp16	NN	3893	80	26624	4
fp16_fp16	NN	3993	32	15872	0
bf16_bf16	NN	4093	64	15360	9
fp16_fp16	NN	594	256	19968	7
bf16_bf16	NN	694	192	20480	17
bf16_bf16	NN	794	192	25088	17
fp16_fp16	NN	894	192	18944	7
fp16_fp16	NN	994	192	16384	6
bf16_bf16	NN	1094	192	18432	15
bf16_bf16	NN	1194	128	16384	12
fp16_fp16	NN	1294	48	15360	0
fp16_fp16	NN	1394	96	17408	3
bf16_bf16	NN	1494	96	24064	13
fp16_fp16	NN	1594	16	15872	0
bf16_bf16	NN	1694	80	24576	13
bf16_bf16	NN	1794	48	22016	10
fp16_fp16	NN	1894	32	24064	1
fp16_fp16	NN	1994	64	23040	1
bf16_bf16	NN	2094	16	22528	11
bf16_bf16	NN	2194	48	19456	11
fp16_fp16	NN	2294	32	25088	2
bf16_bf16	NN	2394	112	24576	14
fp16_fp16	NN	2494	112	21504	5
fp16_fp16	NN	2594	80	18944	4
bf16_bf16	NN	2694	64	26112	11
fp16_fp16	NN	2794	80	20992	5
bf16_bf16	NN	2894	32	23040	10
bf16_bf16	NN	2994	16	17408	9
fp16_fp16	NN	3094	112	19968	4
bf16_bf16	NN	3194	64	16896	9
fp16_fp16	NN	3294	96	16384	3
bf16_bf16	NN	3394	48	20480	10
fp16_fp16	NN	3494	80	23040	4
bf16_bf16	NN	3594	112	26624	14
fp16_fp16	NN	3694	96	19968	4
fp16_fp16	NN	3794	16	16896	0
bf16_bf16	NN	3894	32	24576	10
fp16_fp16	NN	3994	48	15872	0
bf16_bf16	NN	4094	64	26112	10
bf16_bf16	NN	595	256	27136	16
fp16_fp16	NN	695	192	25600	7
bf16_bf16	NN	795	192	18944	16
fp16_fp16	NN	895	192	20480	7
fp16_fp16	NN	995	192	25088	6
bf16_bf16	NN	1095	192	23552	16
bf16_bf16	NN	1195	32	26624	11
fp16_fp16	NN	1295	112	16384	3
fp16_fp16	NN	1395	16	25088	1
bf16_bf16	NN	1495	80	18432	12
fp16_fp16	NN	1595	16	17920	0
bf16_bf16	NN	1695	96	22528	13
bf16_bf16	NN	1795	80	20992	13
fp16_fp16	NN	1895	48	18432	0
fp16_fp16	NN	1995	64	26624	2
bf16_bf16	NN	2095	16	19456	11
fp16_fp16	NN	2195	48	15872	0
bf16_bf16	NN	2295	64	15360	9
fp16_fp16	NN	2395	112	23552	4
bf16_bf16	NN	2495	80	21504	13
bf16_bf16	NN	2595	96	23552	13
fp16_fp16	NN	2695	16	24064	2
bf16_bf16	NN	2795	32	16896	9
fp16_fp16	NN	2895	112	27136	3
bf16_bf16	NN	2995	64	19456	10
fp16_fp16	NN	3095	96	17920	3
bf16_bf16	NN	3195	16	17408	9
fp16_fp16	NN	3295	32	22528	1
fp16_fp16	NN	3395	48	24064	2
bf16_bf16	NN	3495	96	15360	12
bf16_bf16	NN	3595	32	26624	11
fp16_fp16	NN	3695	80	23040	4
fp16_fp16	NN	3795	112	25600	5
bf16_bf16	NN	3895	48	26624	10
fp16_fp16	NN	3995	64	21504	1
bf16_bf16	NN	4095	112	26112	13
bf16_bf16	NN	596	256	17408	15
fp16_fp16	NN	696	192	16384	6
fp16_fp16	NN	796	192	22016	7
fp16_fp16	NN	896	192	15104	6
bf16_bf16	NN	996	192	22528	15
bf16_bf16	NN	1096	192	18944	16
bf16_bf16	NN	1196	128	27136	13
fp16_fp16	NN	1296	16	25088	2
bf16_bf16	NN	1396	96	17920	12
fp16_fp16	NN	1496	48	18432	0
bf16_bf16	NN	1596	32	24576	11
fp16_fp16	NN	1696	64	20992	1
fp16_fp16	NN	1796	80	23040	4
bf16_bf16	NN	1896	112	25600	13
fp16_fp16	NN	1996	16	17920	0
bf16_bf16	NN	2096	48	27136	10
bf16_bf16	NN	2196	32	19968	10
fp16_fp16	NN	2296	80	15360	3
bf16_bf16	NN	2396	64	20480	10
fp16_fp16	NN	2496	64	15872	0
bf16_bf16	NN	2596	96	18432	12
fp16_fp16	NN	2696	112	26112	5
fp16_fp16	NN	2796	80	24576	4
bf16_bf16	NN	2896	16	21504	10
fp16_fp16	NN	2996	96	16896	3
bf16_bf16	NN	3096	80	26624	13
bf16_bf16	NN	3196	48	20992	11
fp16_fp16	NN	3296	32	15360	0
fp16_fp16	NN	3396	96	17408	4
bf16_bf16	NN	3496	96	24064	14
bf16_bf16	NN	3596	48	20480	10
fp16_fp16	NN	3696	48	22016	1
bf16_bf16	NN	3796	32	19456	10
fp16_fp16	NN	3896	64	23552	1
bf16_bf16	NN	3996	112	19968	13
fp16_fp16	NN	4096	112	15104	3
bf16_bf16	NN	597	256	22016	17
fp16_fp16	NN	697	192	25088	7
bf16_bf16	NN	797	192	20480	16
fp16_fp16	NN	897	192	16896	6
bf16_bf16	NN	997	192	18944	16
fp16_fp16	NN	1097	192	15872	6
fp16_fp16	NN	1197	80	23040	4
bf16_bf16	NN	1297	16	22016	10
bf16_bf16	NN	1397	64	17408	10
fp16_fp16	NN	1497	112	16384	3
fp16_fp16	NN	1597	32	23040	1
bf16_bf16	NN	1697	32	20992	10
fp16_fp16	NN	1797	16	24064	1
bf16_bf16	NN	1897	16	16896	9
fp16_fp16	NN	1997	64	23552	2
bf16_bf16	NN	2097	112	21504	13
fp16_fp16	NN	2197	80	24576	5
bf16_bf16	NN	2297	96	27136	14
fp16_fp16	NN	2397	48	18944	1
bf16_bf16	NN	2497	16	21504	10
bf16_bf16	NN	2597	64	25600	11
fp16_fp16	NN	2697	32	22016	1
bf16_bf16	NN	2797	96	26112	14
fp16_fp16	NN	2897	80	22528	4
fp16_fp16	NN	2997	48	26112	1
bf16_bf16	NN	3097	80	18432	12
bf16_bf16	NN	3197	32	16384	9
fp16_fp16	NN	3297	96	19456	4
fp16_fp16	NN	3397	48	15872	1
bf16_bf16	NN	3497	64	27136	11
bf16_bf16	NN	3597	80	17408	12
fp16_fp16	NN	3697	112	20480	4
fp16_fp16	NN	3797	96	17920	3
bf16_bf16	NN	3897	96	25600	13
fp16_fp16	NN	3997	48	19968	1
bf16_bf16	NN	598	256	18432	15
bf16_bf16	NN	698	192	19456	16
fp16_fp16	NN	798	192	20992	7
fp16_fp16	NN	898	192	26624	7
bf16_bf16	NN	998	192	17920	15
fp16_fp16	NN	1098	192	15360	6
fp16_fp16	NN	1198	128	22016	4
bf16_bf16	NN	1298	64	20480	10
bf16_bf16	NN	1398	32	16896	10
fp16_fp16	NN	1498	112	15360	3
bf16_bf16	NN	1598	16	25600	10
bf16_bf16	NN	1698	64	19968	11
fp16_fp16	NN	1798	80	25600	4
fp16_fp16	NN	1898	16	23040	2
bf16_bf16	NN	1998	48	24064	11
fp16_fp16	NN	2098	32	24576	2
bf16_bf16	NN	2198	112	15872	12
fp16_fp16	NN	2298	16	18944	1
bf16_bf16	NN	2398	64	19456	10
fp16_fp16	NN	2498	16	25088	1
bf16_bf16	NN	2598	32	24576	10
fp16_fp16	NN	2698	48	24064	1
bf16_bf16	NN	2798	96	25088	13
fp16_fp16	NN	2898	112	16384	3
bf16_bf16	NN	2998	64	23552	10
fp16_fp16	NN	3098	80	26624	5
bf16_bf16	NN	3198	96	22528	14
bf16_bf16	NN	3298	80	20992	13
fp16_fp16	NN	3398	48	25600	1
bf16_bf16	NN	3498	32	17408	9
fp16_fp16	NN	3598	80	27136	5
bf16_bf16	NN	3698	112	20992	13
fp16_fp16	NN	3798	16	16896	0
fp16_fp16	NN	3898	112	26112	4
bf16_bf16	NN	3998	64	17920	9
bf16_bf16	NN	599	256	17408	15
fp16_fp16	NN	699	192	23552	6
fp16_fp16	NN	799	192	24064	7
bf16_bf16	NN	899	192	19456	16
fp16_fp16	NN	999	192	18944	7
bf16_bf16	NN	1099	192	25088	16
bf16_bf16	NN	1199	128	19968	13
fp16_fp16	NN	1299	32	23040	1
bf16_bf16	NN	1399	96	22528	12
fp16_fp16	NN	1499	64	24576	1
fp16_fp16	NN	1599	16	16384	0
bf16_bf16	NN	1699	112	21504	13
fp16_fp16	NN	1799	48	16896	0
bf16_bf16	NN	1899	32	21504	10
bf16_bf16	NN	1999	96	19968	13
fp16_fp16	NN	2099	112	26112	5
bf16_bf16	NN	2199	80	26624	13
fp16_fp16	NN	2299	48	17920	0
bf16_bf16	NN	2399	32	18432	10
fp16_fp16	NN	2499	80	19968	4
fp16_fp16	NN	2599	16	17920	0
bf16_bf16	NN	2699	16	15872	9
bf16_bf16	NN	2799	96	16384	13
fp16_fp16	NN	2899	32	24064	2
fp16_fp16	NN	2999	48	22016	1
bf16_bf16	NN	3099	64	21504	11
bf16_bf16	NN	3199	64	18944	10
fp16_fp16	NN	3299	80	20992	4
bf16_bf16	NN	3399	96	20480	14
fp16_fp16	NN	3499	16	27136	2
bf16_bf16	NN	3599	48	19456	10
fp16_fp16	NN	3699	80	25600	4
bf16_bf16	NN	3799	96	23552	13
fp16_fp16	NN	3899	64	16384	0
fp16_fp16	NN	3999	112	17408	3
bf16_bf16	NN	600	256	25600	17
bf16_bf16	NN	700	192	24576	17
fp16_fp16	NN	800	192	25088	6
fp16_fp16	NN	900	192	15872	6
bf16_bf16	NN	1000	192	22528	16
fp16_fp16	NN	1100	192	18944	7
bf16_bf16	NN	1200	128	15360	12
bf16_bf16	NN	1300	112	23552	13
fp16_fp16	NN	1400	32	24576	1
fp16_fp16	NN	1500	16	27136	1
bf16_bf16	NN	1600	80	18432	12
fp16_fp16	NN	1700	48	26112	1
bf16_bf16	NN	1800	32	26624	11
bf16_bf16	NN	1900	16	17920	9
fp16_fp16	NN	2000	48	22016	1
bf16_bf16	NN	2100	112	17408	12
fp16_fp16	NN	2200	96	23552	4
fp16_fp16	NN	2300	80	23040	4
bf16_bf16	NN	2400	64	16896	9
fp16_fp16	NN	2500	96	15360	3
bf16_bf16	NN	2600	16	26624	11
bf16_bf16	NN	2700	32	22528	11
fp16_fp16	NN	2800	48	15872	0
bf16_bf16	NN	2900	64	15360	9
fp16_fp16	NN	3000	112	22016	4
bf16_bf16	NN	3100	16	21504	10
fp16_fp16	NN	3200	96	20480	4
bf16_bf16	NN	3300	32	20480	10
fp16_fp16	NN	3400	48	19968	1
bf16_bf16	NN	3500	64	19456	11
fp16_fp16	NN	3600	80	18432	3
fp16_fp16	NN	3700	16	25088	2
bf16_bf16	NN	3800	112	24064	14
fp16_fp16	NN	3900	32	20992	1
bf16_bf16	NN	4000	64	26624	11
bf16_bf16	NN	601	256	17408	15
fp16_fp16	NN	701	192	27136	7
bf16_bf16	NN	801	192	22528	15
fp16_fp16	NN	901	192	26624	7
bf16_bf16	NN	1001	192	18432	15
fp16_fp16	NN	1101	192	24576	6
bf16_bf16	NN	1201	96	26112	13
fp16_fp16	NN	1301	96	23552	3
fp16_fp16	NN	1401	112	18944	4
bf16_bf16	NN	1501	112	25600	13
fp16_fp16	NN	1601	48	19968	1
bf16_bf16	NN	1701	64	19456	10
fp16_fp16	NN	1801	80	18944	4
bf16_bf16	NN	1901	80	16384	12
bf16_bf16	NN	2001	32	19456	10
fp16_fp16	NN	2101	32	24064	1
bf16_bf16	NN	2201	16	23040	10
fp16_fp16	NN	2301	80	23040	5
bf16_bf16	NN	2401	96	22528	14
fp16_fp16	NN	2501	48	20992	1
fp16_fp16	NN	2601	112	22016	4
bf16_bf16	NN	2701	48	16384	9
fp16_fp16	NN	2801	16	18432	0
bf16_bf16	NN	2901	48	16896	9
fp16_fp16	NN	3001	64	15360	0
bf16_bf16	NN	3101	112	15872	12
fp16_fp16	NN	3201	16	25088	1
bf16_bf16	NN	3301	64	17408	9
bf16_bf16	NN	3401	96	17920	12
fp16_fp16	NN	3501	96	27136	4
bf16_bf16	NN	3601	32	27136	10
fp16_fp16	NN	3701	80	25088	4
bf16_bf16	NN	3801	16	17920	10
fp16_fp16	NN	3901	64	24576	2
bf16_bf16	NN	4001	48	15872	9
fp16_fp16	NN	602	256	26112	7
bf16_bf16	NN	702	192	24576	15
fp16_fp16	NN	802	192	23040	6
fp16_fp16	NN	902	192	21504	6
bf16_bf16	NN	1002	192	16896	15
fp16_fp16	NN	1102	192	25088	7
bf16_bf16	NN	1202	128	21504	13
bf16_bf16	NN	1302	112	23552	13
fp16_fp16	NN	1402	80	16896	3
bf16_bf16	NN	1502	112	18944	13
fp16_fp16	NN	1602	96	19968	4
bf16_bf16	NN	1702	32	18432	9
fp16_fp16	NN	1802	80	24064	4
bf16_bf16	NN	1902	64	17408	10
fp16_fp16	NN	2002	64	20992	1
fp16_fp16	NN	2102	80	20480	5
bf16_bf16	NN	2202	32	22528	10
fp16_fp16	NN	2302	16	19456	1
bf16_bf16	NN	2402	112	25600	13
fp16_fp16	NN	2502	48	20992	1
bf16_bf16	NN	2602	32	26112	11
bf16_bf16	NN	2702	96	20480	13
fp16_fp16	NN	2802	112	15360	3
fp16_fp16	NN	2902	48	26112	2
bf16_bf16	NN	3002	48	22016	10
bf16_bf16	NN	3102	16	22528	10
fp16_fp16	NN	3202	96	19968	4
fp16_fp16	NN	3302	64	27136	1
bf16_bf16	NN	3402	16	25600	10
fp16_fp16	NN	3502	80	18944	4
bf16_bf16	NN	3602	32	18432	9
bf16_bf16	NN	3702	112	17920	12
fp16_fp16	NN	3802	48	15872	0
fp16_fp16	NN	3902	96	15360	3
bf16_bf16	NN	4002	80	25600	13
bf16_bf16	NN	603	192	23040	16
fp16_fp16	NN	703	192	16384	6
fp16_fp16	NN	803	192	15872	6
bf16_bf16	NN	903	192	25600	16
fp16_fp16	NN	1003	192	15360	6
bf16_bf16	NN	1103	192	24064	16
bf16_bf16	NN	1203	128	19456	13
fp16_fp16	NN	1303	32	17408	0
bf16_bf16	NN	1403	16	16896	9
fp16_fp16	NN	1503	32	21504	1
fp16_fp16	NN	1603	64	24576	1
bf16_bf16	NN	1703	48	23552	10
fp16_fp16	NN	1803	16	22528	2
bf16_bf16	NN	1903	80	16384	12
bf16_bf16	NN	2003	112	20992	13
fp16_fp16	NN	2103	32	23040	2
fp16_fp16	NN	2203	96	25088	4
bf16_bf16	NN	2303	64	22016	10
fp16_fp16	NN	2403	80	26624	4
bf16_bf16	NN	2503	32	19968	10
fp16_fp16	NN	2603	48	24064	2
bf16_bf16	NN	2703	64	20480	11
fp16_fp16	NN	2803	80	23552	4
bf16_bf16	NN	2903	112	16896	12
bf16_bf16	NN	3003	16	17920	9
fp16_fp16	NN	3103	16	25088	2
bf16_bf16	NN	3203	64	26112	11
fp16_fp16	NN	3303	96	17920	3
bf16_bf16	NN	3403	96	21504	13
fp16_fp16	NN	3503	112	26112	5
fp16_fp16	NN	3603	48	16896	0
bf16_bf16	NN	3703	32	21504	10
fp16_fp16	NN	3803	112	22016	5
bf16_bf16	NN	3903	96	22528	13
bf16_bf16	NN	4003	64	19968	10
bf16_bf16	NN	604	256	19968	16
fp16_fp16	NN	704	192	26624	6
fp16_fp16	NN	804	192	16896	6
bf16_bf16	NN	904	192	15872	15
fp16_fp16	NN	1004	192	25600	7
bf16_bf16	NN	1104	192	26112	16
fp16_fp16	NN	1204	128	24064	4
bf16_bf16	NN	1304	112	18944	14
fp16_fp16	NN	1404	32	27136	2
fp16_fp16	NN	1504	48	23040	1
bf16_bf16	NN	1604	16	19456	10
bf16_bf16	NN	1704	80	17408	12
fp16_fp16	NN	1804	80	20480	4
fp16_fp16	NN	1904	64	22016	1
bf16_bf16	NN	2004	96	20992	13
fp16_fp16	NN	2104	16	18944	1
bf16_bf16	NN	2204	96	23552	13
fp16_fp16	NN	2304	64	18432	0
bf16_bf16	NN	2404	16	16384	9
fp16_fp16	NN	2504	32	15872	0
bf16_bf16	NN	2604	112	21504	13
fp16_fp16	NN	2704	48	24064	2
bf16_bf16	NN	2804	80	15360	12
fp16_fp16	NN	2904	48	17920	1
bf16_bf16	NN	3004	32	23040	11
fp16_fp16	NN	3104	48	20480	1
bf16_bf16	NN	3204	112	20992	12
bf16_bf16	NN	3304	96	16384	12
fp16_fp16	NN	3404	80	15360	3
bf16_bf16	NN	3504	80	17408	12
fp16_fp16	NN	3604	32	24576	2
bf16_bf16	NN	3704	64	27136	11
fp16_fp16	NN	3804	16	19456	1
bf16_bf16	NN	3904	112	23552	14
fp16_fp16	NN	4004	80	24576	5
bf16_bf16	NN	605	256	27136	16
fp16_fp16	NN	705	192	17408	6
bf16_bf16	NN	805	192	16384	15
fp16_fp16	NN	905	192	23040	7
bf16_bf16	NN	1005	192	21504	16
bf16_bf16	NN	1105	192	25088	17
fp16_fp16	NN	1205	48	20992	2
fp16_fp16	NN	1305	48	20480	1
bf16_bf16	NN	1405	64	15872	9
fp16_fp16	NN	1505	16	23040	2
bf16_bf16	NN	1605	112	26624	13
fp16_fp16	NN	1705	96	23552	5
bf16_bf16	NN	1805	16	26112	11
fp16_fp16	NN	1905	32	18432	0
bf16_bf16	NN	2005	96	25088	14
fp16_fp16	NN	2105	64	22016	1
bf16_bf16	NN	2205	32	26624	11
fp16_fp16	NN	2305	112	19968	4
fp16_fp16	NN	2405	48	20480	1
bf16_bf16	NN	2505	80	22528	13
bf16_bf16	NN	2605	64	18432	9
fp16_fp16	NN	2705	48	27136	1
fp16_fp16	NN	2805	96	23552	4
bf16_bf16	NN	2905	32	18944	10
fp16_fp16	NN	3005	16	16896	1
bf16_bf16	NN	3105	64	15360	9
bf16_bf16	NN	3205	80	18944	13
fp16_fp16	NN	3305	48	26624	2
fp16_fp16	NN	3405	112	17920	3
bf16_bf16	NN	3505	96	18432	12
fp16_fp16	NN	3605	16	21504	2
bf16_bf16	NN	3705	32	22528	11
fp16_fp16	NN	3805	112	15360	3
bf16_bf16	NN	3905	64	19456	10
fp16_fp16	NN	4005	16	25600	1
bf16_bf16	NN	606	192	17920	15
bf16_bf16	NN	706	192	22016	17
fp16_fp16	NN	806	192	15360	6
fp16_fp16	NN	906	192	20480	6
bf16_bf16	NN	1006	192	17408	15
bf16_bf16	NN	1106	192	24576	16
bf16_bf16	NN	1206	128	17920	12
fp16_fp16	NN	1306	48	15872	0
fp16_fp16	NN	1406	96	16896	3
bf16_bf16	NN	1506	80	26624	12
fp16_fp16	NN	1606	80	24064	4
bf16_bf16	NN	1706	16	26112	10
fp16_fp16	NN	1806	64	19456	1
bf16_bf16	NN	1906	96	16384	12
fp16_fp16	NN	2006	32	20992	2
fp16_fp16	NN	2106	80	24576	4
bf16_bf16	NN	2206	64	19456	10
fp16_fp16	NN	2306	16	25088	1
bf16_bf16	NN	2406	96	18432	13
bf16_bf16	NN	2506	112	22016	13
fp16_fp16	NN	2606	48	24064	1
bf16_bf16	NN	2706	80	18944	13
fp16_fp16	NN	2806	96	19968	4
bf16_bf16	NN	2906	48	22528	10
fp16_fp16	NN	3006	112	16384	3
fp16_fp16	NN	3106	32	23552	1
bf16_bf16	NN	3206	64	24576	10
bf16_bf16	NN	3306	64	27136	10
fp16_fp16	NN	3406	48	24064	1
bf16_bf16	NN	3506	32	17408	9
fp16_fp16	NN	3606	112	26112	5
fp16_fp16	NN	3706	16	15872	0
bf16_bf16	NN	3806	112	20480	13
fp16_fp16	NN	3906	16	18944	1
bf16_bf16	NN	4006	32	18432	10
fp16_fp16	NN	607	192	19456	6
bf16_bf16	NN	707	192	23040	16
bf16_bf16	NN	807	192	16384	15
fp16_fp16	NN	907	192	26624	6
bf16_bf16	NN	1007	192	17408	16
fp16_fp16	NN	1107	192	22528	7
bf16_bf16	NN	1207	96	22528	13
fp16_fp16	NN	1307	112	22016	4
fp16_fp16	NN	1407	80	19968	4
bf16_bf16	NN	1507	48	25088	10
fp16_fp16	NN	1607	80	27136	5
bf16_bf16	NN	1707	96	27136	14
fp16_fp16	NN	1807	112	25600	4
bf16_bf16	NN	1907	16	16896	9
bf16_bf16	NN	2007	64	24576	10
fp16_fp16	NN	2107	16	26112	2
bf16_bf16	NN	2207	48	22016	11
fp16_fp16	NN	2307	64	21504	2
bf16_bf16	NN	2407	64	25600	11
fp16_fp16	NN	2507	48	20992	1
bf16_bf16	NN	2607	80	23040	13
fp16_fp16	NN	2707	32	15360	0
fp16_fp16	NN	2807	96	19968	5
bf16_bf16	NN	2907	32	16896	9
bf16_bf16	NN	3007	16	15872	9
fp16_fp16	NN	3107	32	24064	1
fp16_fp16	NN	3207	80	20992	5
bf16_bf16	NN	3307	96	20480	13
bf16_bf16	NN	3407	112	23552	13
fp16_fp16	NN	3507	112	20992	4
fp16_fp16	NN	3607	16	17920	0
bf16_bf16	NN	3707	96	18944	13
fp16_fp16	NN	3807	80	25088	5
bf16_bf16	NN	3907	48	25600	10
fp16_fp16	NN	4007	64	21504	1
bf16_bf16	NN	8	26880	20608	17
fp16_fp16	NN	608	256	17408	6
bf16_bf16	NN	708	192	24576	16
bf16_bf16	NN	808	192	15360	15
fp16_fp16	NN	908	192	24064	7
bf16_bf16	NN	1008	192	18432	15
fp16_fp16	NN	1108	192	20480	7
bf16_bf16	NN	1208	32	16896	9
fp16_fp16	NN	1308	16	26624	1
fp16_fp16	NN	1408	64	15872	0
bf16_bf16	NN	1508	32	26624	11
fp16_fp16	NN	1608	112	19968	4
bf16_bf16	NN	1708	80	26112	13
bf16_bf16	NN	1808	96	16384	12
fp16_fp16	NN	1908	80	25088	4
fp16_fp16	NN	2008	64	17920	0
bf16_bf16	NN	2108	48	15360	9
bf16_bf16	NN	2208	112	17408	12
fp16_fp16	NN	2308	48	25600	2
bf16_bf16	NN	2408	32	16384	9
fp16_fp16	NN	2508	96	19456	4
fp16_fp16	NN	2608	80	22016	4
bf16_bf16	NN	2708	112	23552	12
fp16_fp16	NN	2808	16	20992	2
bf16_bf16	NN	2908	32	21504	10
bf16_bf16	NN	3008	64	23040	10
fp16_fp16	NN	3108	96	19968	4
fp16_fp16	NN	3208	48	25600	2
bf16_bf16	NN	3308	16	26112	11
fp16_fp16	NN	3408	80	18944	3
bf16_bf16	NN	3508	96	18432	13
fp16_fp16	NN	3608	112	17920	4
bf16_bf16	NN	3708	48	22528	10
bf16_bf16	NN	3808	32	21504	11
fp16_fp16	NN	3908	80	23040	4
fp16_fp16	NN	4008	64	25088	1
bf16_bf16	NN	9	31744	16256	15
bf16_bf16	NN	609	192	27136	17
fp16_fp16	NN	709	192	15872	6
fp16_fp16	NN	809	192	16896	6
bf16_bf16	NN	909	192	21504	16
fp16_fp16	NN	1009	192	25088	7
bf16_bf16	NN	1109	192	24064	16
fp16_fp16	NN	1209	128	20480	4
bf16_bf16	NN	1309	96	16384	12
bf16_bf16	NN	1409	16	26112	11
fp16_fp16	NN	1509	112	23552	4
bf16_bf16	NN	1609	32	25600	10
fp16_fp16	NN	1709	16	25088	1
fp16_fp16	NN	1809	48	18944	1
bf16_bf16	NN	1909	96	22528	12
fp16_fp16	NN	2009	80	23040	4
bf16_bf16	NN	2109	64	15872	9
fp16_fp16	NN	2209	32	19456	1
bf16_bf16	NN	2309	64	18432	9
fp16_fp16	NN	2409	112	22016	4
bf16_bf16	NN	2509	80	24576	12
fp16_fp16	NN	2609	64	24576	1
bf16_bf16	NN	2709	48	17408	9
bf16_bf16	NN	2809	96	26624	14
fp16_fp16	NN	2909	112	17920	3
fp16_fp16	NN	3009	16	21504	1
bf16_bf16	NN	3109	16	20992	10
bf16_bf16	NN	3209	48	18432	9
fp16_fp16	NN	3309	32	19456	1
bf16_bf16	NN	3409	96	23552	13
fp16_fp16	NN	3509	48	17920	0
bf16_bf16	NN	3609	64	15360	9
fp16_fp16	NN	3709	16	23040	1
fp16_fp16	NN	3809	48	27136	2
bf16_bf16	NN	3909	112	24064	13
bf16_bf16	NN	4009	80	17408	12
fp16_fp16	NN	10	32768	20224	8
bf16_bf16	NN	610	256	15360	15
fp16_fp16	NN	710	192	16384	6
bf16_bf16	NN	810	192	19968	16
fp16_fp16	NN	910	192	26624	7
fp16_fp16	NN	1010	192	20480	7
bf16_bf16	NN	1110	192	24576	16
fp16_fp16	NN	1210	96	18944	4
bf16_bf16	NN	1310	80	22016	12
bf16_bf16	NN	1410	16	15872	9
fp16_fp16	NN	1510	48	24064	1
bf16_bf16	NN	1610	32	16896	9
fp16_fp16	NN	1710	96	20480	4
bf16_bf16	NN	1810	112	19456	13
fp16_fp16	NN	1910	16	22528	1
bf16_bf16	NN	2010	32	22016	10
fp16_fp16	NN	2110	80	23552	5
fp16_fp16	NN	2210	32	16896	0
bf16_bf16	NN	2310	64	16384	9
fp16_fp16	NN	2410	64	26624	1
bf16_bf16	NN	2510	16	17920	9
fp16_fp16	NN	2610	112	19968	4
bf16_bf16	NN	2710	32	20992	10
fp16_fp16	NN	2810	48	26112	2
bf16_bf16	NN	2910	64	25600	11
fp16_fp16	NN	3010	96	15360	3
bf16_bf16	NN	3110	80	20480	13
fp16_fp16	NN	3210	112	18944	4
bf16_bf16	NN	3310	112	20992	13
bf16_bf16	NN	3410	16	24064	10
fp16_fp16	NN	3510	32	18432	1
fp16_fp16	NN	3610	48	15872	0
bf16_bf16	NN	3710	96	16384	12
fp16_fp16	NN	3810	80	19968	4
bf16_bf16	NN	3910	80	26624	13
bf16_bf16	NN	4010	96	23552	13
fp16_fp16	NN	11	32000	19328	8
bf16_bf16	NN	511	384	24576	17
fp16_fp16	NN	611	256	18432	6
fp16_fp16	NN	711	192	21504	7
bf16_bf16	NN	811	192	25600	16
fp16_fp16	NN	911	192	15872	6
bf16_bf16	NN	1011	192	25088	16
bf16_bf16	NN	1111	192	24064	16
fp16_fp16	NN	1211	16	26112	1
fp16_fp16	NN	1311	64	18944	1
bf16_bf16	NN	1411	64	17408	9
bf16_bf16	NN	1511	32	22016	10
fp16_fp16	NN	1611	16	16896	0
bf16_bf16	NN	1711	80	27136	13
fp16_fp16	NN	1811	48	15872	1
bf16_bf16	NN	1911	112	20992	13
fp16_fp16	NN	2011	80	27136	4
fp16_fp16	NN	2111	112	23040	4
bf16_bf16	NN	2211	48	16384	9
bf16_bf16	NN	2311	32	20480	10
fp16_fp16	NN	2411	48	19968	1
bf16_bf16	NN	2511	64	19456	10
fp16_fp16	NN	2611	48	19456	1
fp16_fp16	NN	2711	96	17408	3
bf16_bf16	NN	2811	80	23040	14
fp16_fp16	NN	2911	16	25088	2
bf16_bf16	NN	3011	112	15360	12
fp16_fp16	NN	3111	64	27136	2
bf16_bf16	NN	3211	64	23552	11
fp16_fp16	NN	3311	32	15360	0
bf16_bf16	NN	3411	96	22528	13
bf16_bf16	NN	3511	96	22528	14
fp16_fp16	NN	3611	112	22016	5
fp16_fp16	NN	3711	16	24576	1
bf16_bf16	NN	3811	64	25600	10
bf16_bf16	NN	3911	112	18944	13
fp16_fp16	NN	4011	80	27136	5
bf16_bf16	NN	12	27136	17792	16
fp16_fp16	NN	612	192	25600	7
bf16_bf16	NN	712	192	26624	16
fp16_fp16	NN	812	192	22528	7
bf16_bf16	NN	912	192	17920	15
fp16_fp16	NN	1012	192	22528	7
bf16_bf16	NN	1112	192	20480	16
fp16_fp16	NN	1212	128	22528	5
fp16_fp16	NN	1312	48	24064	2
bf16_bf16	NN	1412	16	27136	11
bf16_bf16	NN	1512	96	17920	12
fp16_fp16	NN	1612	32	15360	0
bf16_bf16	NN	1712	32	15872	9
fp16_fp16	NN	1812	32	16896	0
bf16_bf16	NN	1912	64	21504	10
fp16_fp16	NN	2012	96	26112	4
bf16_bf16	NN	2112	48	19968	10
fp16_fp16	NN	2212	16	23552	1
fp16_fp16	NN	2312	112	21504	4
bf16_bf16	NN	2412	80	27136	13
bf16_bf16	NN	2512	112	17408	12
fp16_fp16	NN	2612	96	18944	4
fp16_fp16	NN	2712	48	22016	2
bf16_bf16	NN	2812	64	17408	10
fp16_fp16	NN	2912	32	23040	1
bf16_bf16	NN	3012	16	17920	9
bf16_bf16	NN	3112	96	20992	14
fp16_fp16	NN	3212	16	26112	1
fp16_fp16	NN	3312	80	22016	4
bf16_bf16	NN	3412	48	23040	11
fp16_fp16	NN	3512	80	20992	4
bf16_bf16	NN	3612	32	24064	10
bf16_bf16	NN	3712	64	19456	10
fp16_fp16	NN	3812	80	18432	3
bf16_bf16	NN	3912	32	26624	11
fp16_fp16	NN	4012	16	18432	0
fp16_fp16	NN	13	31232	19584	8
bf16_bf16	NN	513	256	24576	17
bf16_bf16	NN	613	256	17408	15
fp16_fp16	NN	713	192	17920	6
bf16_bf16	NN	813	192	24576	17
fp16_fp16	NN	913	192	18944	7
fp16_fp16	NN	1013	192	16384	6
bf16_bf16	NN	1113	192	27136	16
fp16_fp16	NN	1213	64	19968	1
bf16_bf16	NN	1313	96	16384	12
fp16_fp16	NN	1413	112	24576	5
bf16_bf16	NN	1513	112	15360	12
fp16_fp16	NN	1613	32	25088	1
bf16_bf16	NN	1713	80	16896	12
fp16_fp16	NN	1813	48	19968	1
bf16_bf16	NN	1913	96	20480	14
fp16_fp16	NN	2013	16	25600	1
bf16_bf16	NN	2113	112	19968	13
fp16_fp16	NN	2213	48	26112	2
bf16_bf16	NN	2313	80	26112	13
bf16_bf16	NN	2413	64	16896	9
fp16_fp16	NN	2513	64	18944	1
fp16_fp16	NN	2613	32	25600	1
bf16_bf16	NN	2713	112	23552	12
fp16_fp16	NN	2813	96	19456	4
bf16_bf16	NN	2913	48	16896	10
bf16_bf16	NN	3013	80	26624	13
fp16_fp16	NN	3113	32	21504	2
fp16_fp16	NN	3213	16	26624	1
bf16_bf16	NN	3313	96	25088	13
bf16_bf16	NN	3413	48	15872	9
fp16_fp16	NN	3513	32	22016	1
bf16_bf16	NN	3613	48	20992	10
fp16_fp16	NN	3713	112	25600	4
bf16_bf16	NN	3813	64	19456	10
fp16_fp16	NN	3913	16	25088	2
bf16_bf16	NN	4013	96	18432	13
fp16_fp16	NN	14	27648	20352	8
bf16_bf16	NN	514	256	16896	15
fp16_fp16	NN	614	192	24064	7
bf16_bf16	NN	714	192	19456	16
fp16_fp16	NN	814	192	15872	6
bf16_bf16	NN	914	192	16384	15
fp16_fp16	NN	1014	192	19456	7
fp16_fp16	NN	1114	192	20480	7
bf16_bf16	NN	1214	80	16384	12
bf16_bf16	NN	1314	16	20480	11
fp16_fp16	NN	1414	112	15360	3
bf16_bf16	NN	1514	48	21504	10
fp16_fp16	NN	1614	64	18944	1
fp16_fp16	NN	1714	96	23040	4
bf16_bf16	NN	1814	16	15872	9
bf16_bf16	NN	1914	80	18432	12
fp16_fp16	NN	2014	112	27136	5
fp16_fp16	NN	2114	32	23040	1
bf16_bf16	NN	2214	112	22528	14
bf16_bf16	NN	2314	64	25088	11
fp16_fp16	NN	2414	48	24064	1
fp16_fp16	NN	2514	96	19968	4
bf16_bf16	NN	2614	64	23552	10
fp16_fp16	NN	2714	80	22016	4
bf16_bf16	NN	2814	16	17920	9
bf16_bf16	NN	2914	32	17408	9
fp16_fp16	NN	3014	96	15360	3
bf16_bf16	NN	3114	48	26624	10
fp16_fp16	NN	3214	80	23040	4
fp16_fp16	NN	3314	64	21504	1
bf16_bf16	NN	3414	16	26112	10
fp16_fp16	NN	3514	32	21504	1
bf16_bf16	NN	3614	64	18944	10
bf16_bf16	NN	3714	112	27136	13
fp16_fp16	NN	3814	96	17408	3
fp16_fp16	NN	3914	16	25088	2
bf16_bf16	NN	4014	80	25600	13
bf16_bf16	NN	15	25856	16640	15
fp16_fp16	NN	515	256	15360	6
fp16_fp16	NN	615	256	16896	6
bf16_bf16	NN	715	192	26624	16
bf16_bf16	NN	815	192	17920	16
fp16_fp16	NN	915	192	20480	7
fp16_fp16	NN	1015	192	22528	7
bf16_bf16	NN	1115	192	23552	16
fp16_fp16	NN	1215	128	16896	3
bf16_bf16	NN	1315	32	23552	9
fp16_fp16	NN	1415	48	17920	0
bf16_bf16	NN	1515	32	25088	10
bf16_bf16	NN	1615	96	24576	13
fp16_fp16	NN	1715	112	26112	5
bf16_bf16	NN	1815	80	22016	12
fp16_fp16	NN	1915	96	18432	3
bf16_bf16	NN	2015	64	15872	9
fp16_fp16	NN	2115	48	25600	2
bf16_bf16	NN	2215	16	20992	11
fp16_fp16	NN	2315	48	20992	1
fp16_fp16	NN	2415	112	23552	5
bf16_bf16	NN	2515	32	22528	11
bf16_bf16	NN	2615	64	24064	11
fp16_fp16	NN	2715	16	26624	2
fp16_fp16	NN	2815	80	23040	4
bf16_bf16	NN	2915	112	27136	13
bf16_bf16	NN	3015	112	17408	12
fp16_fp16	NN	3115	16	24576	1
bf16_bf16	NN	3215	48	22528	10
fp16_fp16	NN	3315	96	20992	4
bf16_bf16	NN	3415	64	18432	9
fp16_fp16	NN	3515	32	19456	1
bf16_bf16	NN	3615	80	18432	12
fp16_fp16	NN	3715	112	24064	4
fp16_fp16	NN	3815	32	21504	1
bf16_bf16	NN	3915	16	16384	9
fp16_fp16	NN	4015	80	19968	4
bf16_bf16	NN	16	32512	16000	15
bf16_bf16	NN	516	256	23552	16
fp16_fp16	NN	616	256	15360	6
fp16_fp16	NN	716	192	24064	7
bf16_bf16	NN	816	192	25088	16
fp16_fp16	NN	916	192	22016	7
bf16_bf16	NN	1016	192	17408	15
bf16_bf16	NN	1116	192	26112	16
fp16_fp16	NN	1216	112	24576	4
bf16_bf16	NN	1316	96	20480	13
fp16_fp16	NN	1416	64	18944	1
fp16_fp16	NN	1516	48	26112	2
bf16_bf16	NN	1616	96	16384	12
bf16_bf16	NN	1716	64	17920	9
fp16_fp16	NN	1816	80	25600	4
fp16_fp16	NN	1916	16	15872	0
bf16_bf16	NN	2016	64	26624	10
fp16_fp16	NN	2116	48	21504	2
bf16_bf16	NN	2216	96	19968	13
fp16_fp16	NN	2316	32	27136	2
bf16_bf16	NN	2416	16	24064	10
fp16_fp16	NN	2516	32	20480	1
bf16_bf16	NN	2616	112	19456	13
fp16_fp16	NN	2716	16	20992	1
bf16_bf16	NN	2816	80	22016	13
bf16_bf16	NN	2916	48	19456	9
fp16_fp16	NN	3016	48	19968	1
fp16_fp16	NN	3116	80	18944	4
bf16_bf16	NN	3216	64	15360	9
bf16_bf16	NN	3316	112	22528	14
fp16_fp16	NN	3416	32	25088	1
bf16_bf16	NN	3516	32	24576	11
fp16_fp16	NN	3616	96	23040	4
fp16_fp16	NN	3716	96	18432	3
bf16_bf16	NN	3816	112	15872	12
fp16_fp16	NN	3916	80	18432	3
bf16_bf16	NN	4016	16	21504	10
bf16_bf16	NN	517	256	15872	15
bf16_bf16	NN	617	256	20992	16
fp16_fp16	NN	717	192	19968	7
fp16_fp16	NN	817	192	18432	6
fp16_fp16	NN	917	192	16896	6
bf16_bf16	NN	1017	192	24576	16
bf16_bf16	NN	1117	192	26624	17
fp16_fp16	NN	1217	32	16384	0
bf16_bf16	NN	1317	112	17408	12
fp16_fp16	NN	1417	80	18944	4
fp16_fp16	NN	1517	64	19456	1
bf16_bf16	NN	1617	48	16384	9
bf16_bf16	NN	1717	16	17920	9
fp16_fp16	NN	1817	96	22016	3
bf16_bf16	NN	1917	64	23552	11
fp16_fp16	NN	2017	80	23040	4
bf16_bf16	NN	2117	96	22528	14
fp16_fp16	NN	2217	64	17408	0
bf16_bf16	NN	2317	48	19456	10
fp16_fp16	NN	2417	32	25088	1
fp16_fp16	NN	2517	96	25600	4
bf16_bf16	NN	2617	32	22016	10
fp16_fp16	NN	2717	112	15360	3
bf16_bf16	NN	2817	16	25088	10
fp16_fp16	NN	2917	112	26112	5
bf16_bf16	NN	3017	96	17920	12
fp16_fp16	NN	3117	64	16896	0
bf16_bf16	NN	3217	48	20992	10
fp16_fp16	NN	3317	112	20480	4
bf16_bf16	NN	3417	80	22528	13
fp16_fp16	NN	3517	16	21504	1
bf16_bf16	NN	3617	32	22528	10
bf16_bf16	NN	3717	48	23040	11
fp16_fp16	NN	3817	48	26624	2
bf16_bf16	NN	3917	48	20480	10
fp16_fp16	NN	4017	80	20992	5
bf16_bf16	NN	518	256	22016	17
fp16_fp16	NN	618	192	24576	7
bf16_bf16	NN	718	192	20480	15
fp16_fp16	NN	818	192	23040	7
fp16_fp16	NN	918	192	18944	7
bf16_bf16	NN	1018	192	16896	15
fp16_fp16	NN	1118	192	16896	6
bf16_bf16	NN	1218	128	17408	12
bf16_bf16	NN	1318	80	27136	13
fp16_fp16	NN	1418	16	25600	2
bf16_bf16	NN	1518	16	24064	10
fp16_fp16	NN	1618	96	18944	5
fp16_fp16	NN	1718	64	17408	0
bf16_bf16	NN	1818	32	19968	10
bf16_bf16	NN	1918	112	17920	12
fp16_fp16	NN	2018	48	26112	2
bf16_bf16	NN	2118	64	16384	9
fp16_fp16	NN	2218	96	21504	5
fp16_fp16	NN	2318	80	15360	3
bf16_bf16	NN	2418	32	26624	11
fp16_fp16	NN	2518	112	15872	3
bf16_bf16	NN	2618	96	26112	13
bf16_bf16	NN	2718	64	25600	11
fp16_fp16	NN	2818	80	20992	4
fp16_fp16	NN	2918	48	23552	1
bf16_bf16	NN	3018	16	24576	10
fp16_fp16	NN	3118	112	24064	5
bf16_bf16	NN	3218	16	19456	9
fp16_fp16	NN	3318	48	27136	2
bf16_bf16	NN	3418	64	24576	11
bf16_bf16	NN	3518	64	15872	9
fp16_fp16	NN	3618	80	16896	3
fp16_fp16	NN	3718	112	17920	3
bf16_bf16	NN	3818	96	23552	13
bf16_bf16	NN	3918	32	20480	10
fp16_fp16	NN	4018	32	26624	2
fp16_fp16	NN	519	256	24576	6
bf16_bf16	NN	619	192	15872	15
fp16_fp16	NN	719	192	25088	7
bf16_bf16	NN	819	192	18944	16
bf16_bf16	NN	919	192	27136	16
fp16_fp16	NN	1019	192	15360	6
bf16_bf16	NN	1119	192	23040	17
fp16_fp16	NN	1219	128	17408	3
fp16_fp16	NN	1319	112	16384	3
bf16_bf16	NN	1419	16	18944	10
fp16_fp16	NN	1519	80	18432	3
bf16_bf16	NN	1619	16	25088	11
fp16_fp16	NN	1719	32	26112	2
bf16_bf16	NN	1819	64	15360	9
bf16_bf16	NN	1919	64	18432	9
fp16_fp16	NN	2019	112	16384	3
bf16_bf16	NN	2119	96	18432	12
fp16_fp16	NN	2219	48	19968	1
bf16_bf16	NN	2319	80	23040	13
fp16_fp16	NN	2419	16	21504	1
bf16_bf16	NN	2519	96	23552	13
fp16_fp16	NN	2619	96	22016	5
fp16_fp16	NN	2719	32	23552	1
bf16_bf16	NN	2819	16	22528	10
fp16_fp16	NN	2919	48	24064	2
bf16_bf16	NN	3019	64	23552	10
fp16_fp16	NN	3119	80	19968	4
bf16_bf16	NN	3219	112	15360	12
fp16_fp16	NN	3319	112	27136	5
bf16_bf16	NN	3419	32	22016	10
bf16_bf16	NN	3519	16	21504	10
fp16_fp16	NN	3619	80	26112	4
bf16_bf16	NN	3719	48	20992	10
fp16_fp16	NN	3819	96	26624	3
bf16_bf16	NN	3919	32	16896	9
fp16_fp16	NN	4019	16	21504	1
fp16_fp16	NN	320	512	20480	7
bf16_bf16	NN	520	192	23040	16
bf16_bf16	NN	620	256	18944	16
fp16_fp16	NN	720	192	17408	6
fp16_fp16	NN	820	192	24576	7
bf16_bf16	NN	920	192	17920	15
fp16_fp16	NN	1020	192	26112	7
bf16_bf16	NN	1120	192	15872	15
fp16_fp16	NN	1220	128	20992	4
bf16_bf16	NN	1320	64	15872	9
fp16_fp16	NN	1420	96	25600	4
bf16_bf16	NN	1520	48	19968	10
bf16_bf16	NN	1620	48	27136	10
fp16_fp16	NN	1720	64	25088	1
bf16_bf16	NN	1820	32	19456	10
fp16_fp16	NN	1920	96	25600	4
bf16_bf16	NN	2020	80	16384	12
fp16_fp16	NN	2120	112	26112	5
bf16_bf16	NN	2220	80	17920	12
fp16_fp16	NN	2320	96	22528	4
bf16_bf16	NN	2420	16	22528	11
fp16_fp16	NN	2520	64	18432	1
bf16_bf16	NN	2620	32	23040	11
fp16_fp16	NN	2720	112	21504	4
fp16_fp16	NN	2820	16	17920	0
bf16_bf16	NN	2920	80	25088	14
fp16_fp16	NN	3020	112	16384	4
bf16_bf16	NN	3120	112	27136	13
fp16_fp16	NN	3220	48	22016	2
bf16_bf16	NN	3320	48	22016	11
bf16_bf16	NN	3420	48	26624	10
fp16_fp16	NN	3520	32	24064	1
bf16_bf16	NN	3620	64	20992	10
fp16_fp16	NN	3720	64	15360	0
bf16_bf16	NN	3820	64	25600	11
fp16_fp16	NN	3920	96	20480	4
bf16_bf16	NN	4020	96	24064	13
fp16_fp16	NN	521	192	16896	6
fp16_fp16	NN	621	256	24064	7
bf16_bf16	NN	721	192	24576	16
bf16_bf16	NN	821	192	17408	15
fp16_fp16	NN	921	192	26624	7
bf16_bf16	NN	1021	192	27136	16
fp16_fp16	NN	1121	192	22528	7
fp16_fp16	NN	1221	80	20480	5
bf16_bf16	NN	1321	48	26624	10
fp16_fp16	NN	1421	32	27136	2
bf16_bf16	NN	1521	16	16896	9
fp16_fp16	NN	1621	16	23552	1
bf16_bf16	NN	1721	80	17408	12
fp16_fp16	NN	1821	112	19968	4
bf16_bf16	NN	1921	80	18432	12
bf16_bf16	NN	2021	64	25600	11
fp16_fp16	NN	2121	16	21504	1
bf16_bf16	NN	2221	32	19968	10
fp16_fp16	NN	2321	96	15360	3
bf16_bf16	NN	2421	96	18944	13
fp16_fp16	NN	2521	112	20992	4
bf16_bf16	NN	2621	112	19456	13
fp16_fp16	NN	2721	80	23040	4
fp16_fp16	NN	2821	48	15872	0
bf16_bf16	NN	2921	48	22016	11
bf16_bf16	NN	3021	32	26112	10
fp16_fp16	NN	3121	16	26112	2
bf16_bf16	NN	3221	32	24576	11
fp16_fp16	NN	3321	112	19456	4
fp16_fp16	NN	3421	64	20480	2
bf16_bf16	NN	3521	64	19456	10
fp16_fp16	NN	3621	80	16384	3
bf16_bf16	NN	3721	96	18432	13
fp16_fp16	NN	3821	16	25088	1
bf16_bf16	NN	3921	32	24576	10
fp16_fp16	NN	4021	48	25600	2
fp16_fp16	NN	522	256	23040	7
bf16_bf16	NN	622	256	17408	16
bf16_bf16	NN	722	192	22528	16
fp16_fp16	NN	822	192	16384	6
bf16_bf16	NN	922	192	16896	15
fp16_fp16	NN	1022	192	22016	6
bf16_bf16	NN	1122	192	27136	16
fp16_fp16	NN	1222	128	21504	4
bf16_bf16	NN	1322	80	19968	13
fp16_fp16	NN	1422	112	24064	4
bf16_bf16	NN	1522	32	20480	10
fp16_fp16	NN	1622	64	15872	0
bf16_bf16	NN	1722	16	20992	11
bf16_bf16	NN	1822	48	23552	11
fp16_fp16	NN	1922	80	18944	4
fp16_fp16	NN	2022	16	17920	0
bf16_bf16	NN	2122	64	15360	9
fp16_fp16	NN	2222	48	24064	1
bf16_bf16	NN	2322	96	27136	13
fp16_fp16	NN	2422	64	26624	1
bf16_bf16	NN	2522	96	22528	13
bf16_bf16	NN	2622	112	25088	14
fp16_fp16	NN	2722	48	23552	1
bf16_bf16	NN	2822	32	20992	10
fp16_fp16	NN	2922	16	25088	1
bf16_bf16	NN	3022	96	17408	12
fp16_fp16	NN	3122	32	24064	1
bf16_bf16	NN	3222	112	23552	13
fp16_fp16	NN	3322	80	19456	4
fp16_fp16	NN	3422	16	18944	1
bf16_bf16	NN	3522	48	16896	9
fp16_fp16	NN	3622	96	18432	3
bf16_bf16	NN	3722	112	21504	13
bf16_bf16	NN	3822	64	19968	11
fp16_fp16	NN	3922	48	25600	1
bf16_bf16	NN	4022	32	24064	10
fp16_fp16	NN	223	896	15104	6
fp16_fp16	NN	523	256	19968	7
bf16_bf16	NN	623	192	16384	15
fp16_fp16	NN	723	192	17920	6
bf16_bf16	NN	823	192	15360	15
fp16_fp16	NN	923	192	23040	7
bf16_bf16	NN	1023	192	15872	15
bf16_bf16	NN	1123	192	24576	16
fp16_fp16	NN	1223	80	27136	4
bf16_bf16	NN	1323	64	25600	10
fp16_fp16	NN	1423	112	26112	5
bf16_bf16	NN	1523	80	17920	12
fp16_fp16	NN	1623	32	19456	2
fp16_fp16	NN	1723	16	18944	1
bf16_bf16	NN	1823	96	17408	12
bf16_bf16	NN	1923	64	15872	9
fp16_fp16	NN	2023	112	17920	3
bf16_bf16	NN	2123	80	23040	13
fp16_fp16	NN	2223	16	23040	1
bf16_bf16	NN	2323	96	16384	13
fp16_fp16	NN	2423	48	22016	1
fp16_fp16	NN	2523	112	22528	4
bf16_bf16	NN	2623	48	22528	11
fp16_fp16	NN	2723	80	20992	4
bf16_bf16	NN	2823	96	20480	13
bf16_bf16	NN	2923	32	26624	11
fp16_fp16	NN	3023	32	15872	0
bf16_bf16	NN	3123	16	25600	10
fp16_fp16	NN	3223	80	17920	3
bf16_bf16	NN	3323	48	16896	9
fp16_fp16	NN	3423	64	19456	1
bf16_bf16	NN	3523	112	21504	13
fp16_fp16	NN	3623	112	15360	3
bf16_bf16	NN	3723	96	18432	12
fp16_fp16	NN	3823	64	25088	2
fp16_fp16	NN	3923	96	23552	4
bf16_bf16	NN	4023	48	22016	11
fp16_fp16	NN	524	256	26112	7
bf16_bf16	NN	624	192	17408	15
bf16_bf16	NN	724	192	18944	16
fp16_fp16	NN	824	192	16384	6
fp16_fp16	NN	924	192	24576	7
bf16_bf16	NN	1024	1024	8192	15
bf16_bf16	NN	1124	192	20480	16
bf16_bf16	NN	1224	128	19456	13
fp16_fp16	NN	1324	80	18432	3
fp16_fp16	NN	1424	64	19968	1
fp16_fp16	NN	1524	16	25088	1
bf16_bf16	NN	1624	32	16896	9
fp16_fp16	NN	1724	32	20992	1
bf16_bf16	NN	1824	16	16384	9
bf16_bf16	NN	1924	48	24064	10
fp16_fp16	NN	2024	112	21504	4
fp16_fp16	NN	2124	32	16896	1
bf16_bf16	NN	2224	96	22528	13
bf16_bf16	NN	2324	80	18432	12
fp16_fp16	NN	2424	64	24576	2
fp16_fp16	NN	2524	16	17408	0
bf16_bf16	NN	2624	80	20992	13
bf16_bf16	NN	2724	32	20480	10
fp16_fp16	NN	2824	64	15360	0
bf16_bf16	NN	2924	48	27136	11
fp16_fp16	NN	3024	16	25088	1
bf16_bf16	NN	3124	80	25600	14
fp16_fp16	NN	3224	80	26624	5
bf16_bf16	NN	3324	96	24576	13
fp16_fp16	NN	3424	112	26112	4
bf16_bf16	NN	3524	64	23552	10
fp16_fp16	NN	3624	48	21504	1
fp16_fp16	NN	3724	96	27136	4
bf16_bf16	NN	3824	32	22528	10
fp16_fp16	NN	3924	112	22016	5
bf16_bf16	NN	4024	112	19968	13
bf16_bf16	NN	525	256	21504	16
fp16_fp16	NN	625	192	16384	6
fp16_fp16	NN	725	192	25600	6
bf16_bf16	NN	825	192	26624	17
bf16_bf16	NN	925	192	19456	16
fp16_fp16	NN	1025	1024	10240	6
bf16_bf16	NN	1125	192	15872	15
fp16_fp16	NN	1225	128	26624	5
fp16_fp16	NN	1325	16	25088	2
bf16_bf16	NN	1425	48	15360	9
bf16_bf16	NN	1525	80	23040	13
fp16_fp16	NN	1625	32	22016	1
bf16_bf16	NN	1725	64	23552	10
fp16_fp16	NN	1825	112	24064	5
fp16_fp16	NN	1925	48	20480	1
bf16_bf16	NN	2025	16	22528	10
bf16_bf16	NN	2125	96	16896	12
fp16_fp16	NN	2225	112	18944	4
fp16_fp16	NN	2325	32	23040	1
bf16_bf16	NN	2425	96	26624	13
fp16_fp16	NN	2525	32	17920	0
bf16_bf16	NN	2625	48	19456	10
fp16_fp16	NN	2725	16	18944	1
bf16_bf16	NN	2825	80	24576	13
fp16_fp16	NN	2925	64	15360	0
bf16_bf16	NN	3025	64	17920	9
bf16_bf16	NN	3125	96	17408	12
fp16_fp16	NN	3225	16	27136	1
bf16_bf16	NN	3325	96	18432	13
fp16_fp16	NN	3425	16	20992	1
bf16_bf16	NN	3525	64	26112	11
fp16_fp16	NN	3625	48	22016	2
bf16_bf16	NN	3725	80	17408	12
fp16_fp16	NN	3825	112	27136	5
fp16_fp16	NN	3925	32	18944	1
bf16_bf16	NN	4025	48	15872	9
bf16_bf16	NN	526	192	20480	16
fp16_fp16	NN	626	256	16896	6
fp16_fp16	NN	726	192	15872	6
bf16_bf16	NN	826	192	26624	16
bf16_bf16	NN	926	192	25088	16
fp16_fp16	NN	1026	192	25600	7
bf16_bf16	NN	1126	192	21504	16
fp16_fp16	NN	1226	112	18944	4
fp16_fp16	NN	1326	96	18432	3
bf16_bf16	NN	1426	96	19968	13
fp16_fp16	NN	1526	48	26112	2
bf16_bf16	NN	1626	32	22528	10
fp16_fp16	NN	1726	16	15872	0
bf16_bf16	NN	1826	112	20992	13
fp16_fp16	NN	1926	64	23040	1
bf16_bf16	NN	2026	80	19456	13
fp16_fp16	NN	2126	80	19968	4
bf16_bf16	NN	2226	64	26112	10
fp16_fp16	NN	2326	32	22016	1
bf16_bf16	NN	2426	64	16384	9
fp16_fp16	NN	2526	80	26624	4
bf16_bf16	NN	2626	64	25600	11
bf16_bf16	NN	2726	96	24064	13
fp16_fp16	NN	2826	112	15360	3
bf16_bf16	NN	2926	32	23552	10
fp16_fp16	NN	3026	16	16896	1
bf16_bf16	NN	3126	48	18432	10
fp16_fp16	NN	3226	80	15360	3
fp16_fp16	NN	3326	16	26112	2
bf16_bf16	NN	3426	96	25600	13
bf16_bf16	NN	3526	48	20480	11
fp16_fp16	NN	3626	112	25088	4
bf16_bf16	NN	3726	112	17920	12
fp16_fp16	NN	3826	32	21504	2
bf16_bf16	NN	3926	64	17408	9
fp16_fp16	NN	4026	64	19456	1
fp16_fp16	NN	527	192	20480	7
bf16_bf16	NN	627	192	17920	15
bf16_bf16	NN	727	192	25600	16
fp16_fp16	NN	827	192	15360	6
bf16_bf16	NN	927	192	24064	17
fp16_fp16	NN	1027	192	18432	6
fp16_fp16	NN	1127	192	19968	7
bf16_bf16	NN	1227	96	26112	14
fp16_fp16	NN	1327	16	16896	0
bf16_bf16	NN	1427	32	16384	9
bf16_bf16	NN	1527	80	24064	13
fp16_fp16	NN	1627	112	24576	3
bf16_bf16	NN	1727	96	20992	13
fp16_fp16	NN	1827	16	20992	1
fp16_fp16	NN	1927	16	27136	2
bf16_bf16	NN	2027	32	20480	10
fp16_fp16	NN	2127	48	19968	1
bf16_bf16	NN	2227	80	22016	13
fp16_fp16	NN	2327	80	18944	4
bf16_bf16	NN	2427	112	23552	14
bf16_bf16	NN	2527	32	24576	11
fp16_fp16	NN	2627	48	24064	1
bf16_bf16	NN	2727	64	23552	11
fp16_fp16	NN	2827	48	17920	0
fp16_fp16	NN	2927	80	23040	3
bf16_bf16	NN	3027	96	22528	13
fp16_fp16	NN	3127	64	15872	0
bf16_bf16	NN	3227	32	25088	10
fp16_fp16	NN	3327	48	23040	1
bf16_bf16	NN	3427	112	20992	13
bf16_bf16	NN	3527	16	15360	9
fp16_fp16	NN	3627	16	26112	1
fp16_fp16	NN	3727	96	17408	3
bf16_bf16	NN	3827	16	19456	10
bf16_bf16	NN	3927	48	26624	10
fp16_fp16	NN	4027	32	15872	0
bf16_bf16	NN	528	256	25600	17
fp16_fp16	NN	628	256	16384	6
fp16_fp16	NN	728	192	22016	7
fp16_fp16	NN	828	192	22016	7
bf16_bf16	NN	928	192	16896	15
bf16_bf16	NN	1028	192	18432	15
fp16_fp16	NN	1128	192	20480	6
bf16_bf16	NN	1228	96	22528	13
fp16_fp16	NN	1328	112	21504	4
bf16_bf16	NN	1428	80	18944	13
fp16_fp16	NN	1528	64	25088	1
bf16_bf16	NN	1628	48	16896	9
fp16_fp16	NN	1728	80	27136	5
bf16_bf16	NN	1828	112	16384	12
bf16_bf16	NN	1928	96	26624	14
fp16_fp16	NN	2028	16	18944	1
bf16_bf16	NN	2128	32	17920	9
fp16_fp16	NN	2228	96	24576	4
fp16_fp16	NN	2328	96	27136	4
bf16_bf16	NN	2428	64	17408	9
bf16_bf16	NN	2528	48	20480	11
fp16_fp16	NN	2628	16	23040	1
fp16_fp16	NN	2728	32	19456	1
bf16_bf16	NN	2828	112	16384	12
fp16_fp16	NN	2928	80	19968	5
bf16_bf16	NN	3028	64	21504	10
fp16_fp16	NN	3128	48	24064	1
bf16_bf16	NN	3228	96	27136	13
bf16_bf16	NN	3328	16	15872	9
fp16_fp16	NN	3428	64	19456	1
bf16_bf16	NN	3528	32	22528	10
fp16_fp16	NN	3628	112	20992	4
fp16_fp16	NN	3728	112	24576	4
bf16_bf16	NN	3828	48	18432	9
fp16_fp16	NN	3928	80	26624	4
bf16_bf16	NN	4028	32	25088	10
bf16_bf16	NN	129	768	15104	15
bf16_bf16	NN	529	256	26112	17
fp16_fp16	NN	629	192	15360	6
fp16_fp16	NN	729	192	17408	6
bf16_bf16	NN	829	192	24576	16
fp16_fp16	NN	929	192	27136	7
fp16_fp16	NN	1029	192	17920	6
bf16_bf16	NN	1129	192	20992	16
bf16_bf16	NN	1229	80	22528	14
fp16_fp16	NN	1329	64	18432	0
bf16_bf16	NN	1429	16	25088	10
fp16_fp16	NN	1529	48	18944	1
bf16_bf16	NN	1629	80	22016	13
fp16_fp16	NN	1729	112	19968	4
bf16_bf16	NN	1829	64	25600	11
fp16_fp16	NN	1929	96	17408	3
bf16_bf16	NN	2029	48	23040	10
fp16_fp16	NN	2129	112	16384	3
bf16_bf16	NN	2229	16	26112	10
fp16_fp16	NN	2329	32	15872	0
bf16_bf16	NN	2429	16	17920	10
fp16_fp16	NN	2529	96	22016	4
fp16_fp16	NN	2629	80	18944	4
bf16_bf16	NN	2729	32	16896	10
bf16_bf16	NN	2829	64	19968	11
fp16_fp16	NN	2929	64	19968	1
bf16_bf16	NN	3029	16	24064	11
fp16_fp16	NN	3129	32	23552	1
fp16_fp16	NN	3229	112	26624	4
bf16_bf16	NN	3329	64	19456	11
fp16_fp16	NN	3429	96	21504	5
bf16_bf16	NN	3529	48	26624	10
bf16_bf16	NN	3629	32	24576	10
fp16_fp16	NN	3729	48	21504	1
bf16_bf16	NN	3829	80	25088	13
fp16_fp16	NN	3929	48	24064	2
bf16_bf16	NN	4029	64	23552	11
fp16_fp16	NN	530	256	23552	7
fp16_fp16	NN	630	192	23552	7
bf16_bf16	NN	730	192	22528	17
fp16_fp16	NN	830	192	16384	6
bf16_bf16	NN	930	192	17408	15
fp16_fp16	NN	1030	192	19456	7
bf16_bf16	NN	1130	192	17408	15
fp16_fp16	NN	1230	112	15360	3
bf16_bf16	NN	1330	80	23040	13
bf16_bf16	NN	1430	112	22528	12
fp16_fp16	NN	1530	16	20992	1
bf16_bf16	NN	1630	16	17920	9
fp16_fp16	NN	1730	80	18944	4
bf16_bf16	NN	1830	96	18432	13
fp16_fp16	NN	1930	32	20480	1
fp16_fp16	NN	2030	48	24064	2
bf16_bf16	NN	2130	64	23552	10
fp16_fp16	NN	2230	80	23040	5
bf16_bf16	NN	2330	32	16896	9
bf16_bf16	NN	2430	96	27136	14
fp16_fp16	NN	2530	80	15872	3
fp16_fp16	NN	2630	112	16384	3
bf16_bf16	NN	2730	16	26624	10
bf16_bf16	NN	2830	96	19968	13
fp16_fp16	NN	2930	112	25600	4
bf16_bf16	NN	3030	64	15360	9
fp16_fp16	NN	3130	112	26112	4
bf16_bf16	NN	3230	32	16896	9
fp16_fp16	NN	3330	16	26112	2
bf16_bf16	NN	3430	64	22016	11
fp16_fp16	NN	3530	96	15872	3
fp16_fp16	NN	3630	96	21504	4
bf16_bf16	NN	3730	48	16896	9
fp16_fp16	NN	3830	16	23040	1
bf16_bf16	NN	3930	32	22528	10
fp16_fp16	NN	4030	80	25600	5
bf16_bf16	NN	531	192	18432	16
fp16_fp16	NN	631	256	23552	7
bf16_bf16	NN	731	192	18432	15
bf16_bf16	NN	831	192	15872	15
bf16_bf16	NN	931	192	18944	16
fp16_fp16	NN	1031	192	22016	7
fp16_fp16	NN	1131	192	18432	6
bf16_bf16	NN	1231	128	20480	13
fp16_fp16	NN	1331	80	20992	4
bf16_bf16	NN	1431	48	15360	9
fp16_fp16	NN	1531	48	19968	2
bf16_bf16	NN	1631	32	17920	9
fp16_fp16	NN	1731	96	22528	4
fp16_fp16	NN	1831	48	24576	1
bf16_bf16	NN	1931	16	15360	9
bf16_bf16	NN	2031	112	19456	14
fp16_fp16	NN	2131	64	17408	0
bf16_bf16	NN	2231	80	24064	13
fp16_fp16	NN	2331	96	21504	4
bf16_bf16	NN	2431	16	27136	11
fp16_fp16	NN	2531	80	20992	5
fp16_fp16	NN	2631	64	23040	1
bf16_bf16	NN	2731	32	26624	10
bf16_bf16	NN	2831	112	25600	13
fp16_fp16	NN	2931	96	20480	4
bf16_bf16	NN	3031	64	25600	11
fp16_fp16	NN	3131	64	24576	1
bf16_bf16	NN	3231	48	20480	10
fp16_fp16	NN	3331	112	24064	5
fp16_fp16	NN	3431	80	24576	5
bf16_bf16	NN	3531	48	24064	10
fp16_fp16	NN	3631	16	17920	1
bf16_bf16	NN	3731	32	16384	10
bf16_bf16	NN	3831	112	17408	12
fp16_fp16	NN	3931	96	16896	3
fp16_fp16	NN	4031	80	25088	4
bf16_bf16	NN	532	256	17408	15
fp16_fp16	NN	632	192	26624	7
bf16_bf16	NN	732	192	27136	16
fp16_fp16	NN	832	192	22016	7
bf16_bf16	NN	932	192	24576	16
bf16_bf16	NN	1032	192	26624	16
fp16_fp16	NN	1132	192	24576	7
bf16_bf16	NN	1232	16	26112	11
fp16_fp16	NN	1332	64	25088	1
fp16_fp16	NN	1432	32	15872	0
bf16_bf16	NN	1532	32	15872	9
fp16_fp16	NN	1632	96	23552	4
bf16_bf16	NN	1732	112	16384	12
fp16_fp16	NN	1832	48	16896	0
bf16_bf16	NN	1932	112	18944	13
fp16_fp16	NN	2032	16	17920	1
bf16_bf16	NN	2132	16	25600	10
bf16_bf16	NN	2232	32	25088	10
fp16_fp16	NN	2332	96	16384	3
fp16_fp16	NN	2432	64	26112	1
bf16_bf16	NN	2532	80	20992	12
bf16_bf16	NN	2632	64	19456	10
fp16_fp16	NN	2732	80	18944	3
bf16_bf16	NN	2832	112	21504	13
fp16_fp16	NN	2932	16	25088	2
fp16_fp16	NN	3032	96	22528	5
bf16_bf16	NN	3132	32	19968	10
fp16_fp16	NN	3232	48	24064	2
bf16_bf16	NN	3332	64	23552	10
fp16_fp16	NN	3432	80	23040	5
bf16_bf16	NN	3532	96	16384	12
bf16_bf16	NN	3632	48	19968	10
fp16_fp16	NN	3732	112	22016	4
bf16_bf16	NN	3832	112	20992	13
fp16_fp16	NN	3932	80	27136	5
bf16_bf16	NN	4032	32	15360	9
fp16_fp16	NN	533	192	17920	6
fp16_fp16	NN	633	256	23040	7
bf16_bf16	NN	733	192	20480	15
bf16_bf16	NN	833	192	18944	16
fp16_fp16	NN	933	192	15360	6
fp16_fp16	NN	1033	192	18432	6
bf16_bf16	NN	1133	192	23552	16
bf16_bf16	NN	1233	96	22016	13
fp16_fp16	NN	1333	48	24064	2
bf16_bf16	NN	1433	48	21504	10
fp16_fp16	NN	1533	16	17920	0
bf16_bf16	NN	1633	96	22528	13
fp16_fp16	NN	1733	32	17408	0
fp16_fp16	NN	1833	112	19456	4
bf16_bf16	NN	1933	32	19456	10
bf16_bf16	NN	2033	16	16896	9
fp16_fp16	NN	2133	80	27136	5
fp16_fp16	NN	2233	64	18432	0
bf16_bf16	NN	2333	32	26112	10
bf16_bf16	NN	2433	64	26624	10
fp16_fp16	NN	2533	16	18944	1
bf16_bf16	NN	2633	112	19968	13
fp16_fp16	NN	2733	16	15360	0
bf16_bf16	NN	2833	48	16896	9
fp16_fp16	NN	2933	96	24576	4
bf16_bf16	NN	3033	112	21504	13
fp16_fp16	NN	3133	48	27136	2
bf16_bf16	NN	3233	80	21504	14
fp16_fp16	NN	3333	32	16384	0
fp16_fp16	NN	3433	16	26112	2
bf16_bf16	NN	3533	64	24576	11
fp16_fp16	NN	3633	48	15872	0
bf16_bf16	NN	3733	96	20480	13
bf16_bf16	NN	3833	96	20480	13
fp16_fp16	NN	3933	16	19456	1
fp16_fp16	NN	4033	32	23040	1
fp16_fp16	NN	534	256	26112	7
bf16_bf16	NN	634	256	19456	16
bf16_bf16	NN	734	192	16384	15
bf16_bf16	NN	834	192	26624	16
fp16_fp16	NN	934	192	22528	7
fp16_fp16	NN	1034	192	23040	7
bf16_bf16	NN	1134	192	24064	16
bf16_bf16	NN	1234	112	20992	13
fp16_fp16	NN	1334	96	22016	5
bf16_bf16	NN	1434	16	21504	10
fp16_fp16	NN	1534	64	27136	2
bf16_bf16	NN	1634	48	20480	10
fp16_fp16	NN	1734	112	18432	3
fp16_fp16	NN	1834	80	20992	4
bf16_bf16	NN	1934	64	19456	10
bf16_bf16	NN	2034	32	22016	10
fp16_fp16	NN	2134	80	17920	3
bf16_bf16	NN	2234	96	25088	13
fp16_fp16	NN	2334	48	25088	1
fp16_fp16	NN	2434	64	25600	1
bf16_bf16	NN	2534	112	17408	12
fp16_fp16	NN	2634	80	15360	3
bf16_bf16	NN	2734	80	18432	12
bf16_bf16	NN	2834	16	15872	9
fp16_fp16	NN	2934	48	21504	1
fp16_fp16	NN	3034	32	25088	2
bf16_bf16	NN	3134	64	15872	9
bf16_bf16	NN	3234	16	22528	11
fp16_fp16	NN	3334	112	15360	3
bf16_bf16	NN	3434	48	25600	10
fp16_fp16	NN	3534	16	20480	1
bf16_bf16	NN	3634	80	23552	13
fp16_fp16	NN	3734	48	19968	1
fp16_fp16	NN	3834	32	16896	0
bf16_bf16	NN	3934	96	18944	13
bf16_bf16	NN	4034	112	22528	14
fp16_fp16	NN	535	256	18944	7
fp16_fp16	NN	635	256	17920	6
bf16_bf16	NN	735	192	20992	17
fp16_fp16	NN	835	192	15872	6
bf16_bf16	NN	935	192	19968	16
fp16_fp16	NN	1035	192	24576	7
bf16_bf16	NN	1135	192	26624	16
bf16_bf16	NN	1235	64	27136	11
fp16_fp16	NN	1335	64	26112	1
fp16_fp16	NN	1435	80	25600	4
bf16_bf16	NN	1535	96	17408	12
fp16_fp16	NN	1635	48	24064	2
bf16_bf16	NN	1735	96	25600	13
bf16_bf16	NN	1835	32	20480	10
fp16_fp16	NN	1935	112	15360	3
bf16_bf16	NN	2035	96	22016	13
fp16_fp16	NN	2135	64	17408	0
fp16_fp16	NN	2235	16	25088	2
bf16_bf16	NN	2335	96	23552	13
bf16_bf16	NN	2435	32	24576	11
fp16_fp16	NN	2535	48	24064	1
bf16_bf16	NN	2635	80	22016	13
fp16_fp16	NN	2735	80	23040	4
bf16_bf16	NN	2835	80	23040	14
fp16_fp16	NN	2935	112	17920	3
bf16_bf16	NN	3035	32	22016	10
fp16_fp16	NN	3135	16	18432	0
bf16_bf16	NN	3235	48	19968	10
fp16_fp16	NN	3335	80	27136	5
bf16_bf16	NN	3435	64	17408	9
fp16_fp16	NN	3535	112	26112	5
bf16_bf16	NN	3635	32	22528	10
fp16_fp16	NN	3735	16	18944	1
fp16_fp16	NN	3835	64	16896	0
bf16_bf16	NN	3935	32	18432	10
fp16_fp16	NN	4035	64	23040	2
bf16_bf16	NN	536	192	27136	16
bf16_bf16	NN	636	192	24576	16
fp16_fp16	NN	736	192	23040	7
bf16_bf16	NN	836	192	24064	16
fp16_fp16	NN	936	192	16384	6
fp16_fp16	NN	1036	192	15872	6
bf16_bf16	NN	1136	192	16384	15
bf16_bf16	NN	1236	128	21504	13
fp16_fp16	NN	1336	96	20480	4
bf16_bf16	NN	1436	48	16896	9
fp16_fp16	NN	1536	96	15104	3
fp16_fp16	NN	1636	112	17920	3
bf16_bf16	NN	1736	96	26624	14
bf16_bf16	NN	1836	80	20992	13
fp16_fp16	NN	1936	16	18944	1
bf16_bf16	NN	2036	112	20992	13
fp16_fp16	NN	2136	112	23552	4
fp16_fp16	NN	2236	16	23552	2
bf16_bf16	NN	2336	64	18432	10
fp16_fp16	NN	2436	32	19456	1
bf16_bf16	NN	2536	48	16384	9
fp16_fp16	NN	2636	16	26624	1
bf16_bf16	NN	2736	32	22528	10
bf16_bf16	NN	2836	16	25600	11
fp16_fp16	NN	2936	80	20992	4
fp16_fp16	NN	3036	48	17408	0
bf16_bf16	NN	3136	64	19968	9
fp16_fp16	NN	3236	112	15360	3
bf16_bf16	NN	3336	48	16896	9
bf16_bf16	NN	3436	64	25600	11
fp16_fp16	NN	3536	80	25088	5
fp16_fp16	NN	3636	64	19456	1
bf16_bf16	NN	3736	96	24576	13
bf16_bf16	NN	3836	48	23552	10
fp16_fp16	NN	3936	96	17920	3
bf16_bf16	NN	4036	112	26112	13
fp16_fp16	NN	137	640	15104	6
bf16_bf16	NN	537	256	23552	16
bf16_bf16	NN	637	256	15360	15
bf16_bf16	NN	737	192	18432	15
fp16_fp16	NN	837	192	26624	7
fp16_fp16	NN	937	192	17408	6
fp16_fp16	NN	1037	192	20992	7
bf16_bf16	NN	1137	192	22016	16
fp16_fp16	NN	1237	32	24064	1
fp16_fp16	NN	1337	80	19968	3
bf16_bf16	NN	1437	16	15872	9
bf16_bf16	NN	1537	96	20480	13
fp16_fp16	NN	1637	64	21504	1
fp16_fp16	NN	1737	112	26112	5
bf16_bf16	NN	1837	32	23040	10
fp16_fp16	NN	1937	80	24576	4
bf16_bf16	NN	2037	80	25088	13
bf16_bf16	NN	2137	64	19456	10
fp16_fp16	NN	2237	16	16896	1
fp16_fp16	NN	2337	48	18944	1
bf16_bf16	NN	2437	32	19456	10
bf16_bf16	NN	2537	32	25088	10
fp16_fp16	NN	2637	112	25600	3
fp16_fp16	NN	2737	96	27136	4
bf16_bf16	NN	2837	16	20480	10
bf16_bf16	NN	2937	64	16384	9
fp16_fp16	NN	3037	48	15872	0
fp16_fp16	NN	3137	16	17920	0
bf16_bf16	NN	3237	80	15360	12
bf16_bf16	NN	3337	96	25600	14
fp16_fp16	NN	3437	112	26112	4
bf16_bf16	NN	3537	16	22528	10
fp16_fp16	NN	3637	48	24064	1
bf16_bf16	NN	3737	32	24064	11
fp16_fp16	NN	3837	112	22016	4
fp16_fp16	NN	3937	48	26624	1
bf16_bf16	NN	4037	96	22528	13
bf16_bf16	NN	538	256	17920	15
fp16_fp16	NN	638	192	15360	6
fp16_fp16	NN	738	192	16896	6
bf16_bf16	NN	838	192	17408	15
bf16_bf16	NN	938	192	21504	16
fp16_fp16	NN	1038	192	22016	7
fp16_fp16	NN	1138	192	15872	6
bf16_bf16	NN	1238	112	27136	13
bf16_bf16	NN	1338	64	19456	10
fp16_fp16	NN	1438	80	18944	4
bf16_bf16	NN	1538	96	18432	12
fp16_fp16	NN	1638	16	25088	2
bf16_bf16	NN	1738	32	24576	11
fp16_fp16	NN	1838	48	26624	2
bf16_bf16	NN	1938	64	23552	10
fp16_fp16	NN	2038	80	23040	4
bf16_bf16	NN	2138	32	27136	10
fp16_fp16	NN	2238	16	25600	1
fp16_fp16	NN	2338	80	20480	4
bf16_bf16	NN	2438	64	17408	9
fp16_fp16	NN	2538	96	18432	3
bf16_bf16	NN	2638	64	21504	10
bf16_bf16	NN	2738	32	21504	10
fp16_fp16	NN	2838	96	19968	4
fp16_fp16	NN	2938	112	26112	4
bf16_bf16	NN	3038	32	16896	9
fp16_fp16	NN	3138	16	18944	1
bf16_bf16	NN	3238	16	16384	9
fp16_fp16	NN	3338	48	17920	1
bf16_bf16	NN	3438	80	20480	13
fp16_fp16	NN	3538	48	25088	1
bf16_bf16	NN	3638	112	15360	12
bf16_bf16	NN	3738	48	19968	10
fp16_fp16	NN	3838	32	23552	2
bf16_bf16	NN	3938	96	19456	13
fp16_fp16	NN	4038	80	20992	4
fp16_fp16	NN	539	256	26112	7
bf16_bf16	NN	639	192	24064	16
fp16_fp16	NN	739	192	21504	7
bf16_bf16	NN	839	192	20480	17
fp16_fp16	NN	939	192	26624	7
bf16_bf16	NN	1039	192	16384	15
bf16_bf16	NN	1139	192	18944	16
fp16_fp16	NN	1239	112	27136	4
fp16_fp16	NN	1339	48	23040	2
bf16_bf16	NN	1439	64	19968	11
fp16_fp16	NN	1539	32	15872	0
bf16_bf16	NN	1639	96	18432	12
bf16_bf16	NN	1739	112	22016	12
fp16_fp16	NN	1839	80	17408	4
bf16_bf16	NN	1939	64	23040	11
fp16_fp16	NN	2039	32	22016	1
fp16_fp16	NN	2139	112	15360	3
bf16_bf16	NN	2239	48	24576	11
fp16_fp16	NN	2339	80	16384	3
bf16_bf16	NN	2439	96	25088	14
fp16_fp16	NN	2539	16	27136	2
bf16_bf16	NN	2639	80	25600	13
bf16_bf16	NN	2739	112	22528	13
fp16_fp16	NN	2839	16	15360	0
fp16_fp16	NN	2939	32	20992	1
bf16_bf16	NN	3039	32	24064	9
